-- phpMyAdmin SQL Dump
-- version 4.0.4.1
-- http://www.phpmyadmin.net
--
-- Inang: 127.0.0.1
-- Waktu pembuatan: 04 Agu 2015 pada 04.32
-- Versi Server: 5.6.11
-- Versi PHP: 5.5.3

SET SQL_MODE = "NO_AUTO_VALUE_ON_ZERO";
SET time_zone = "+00:00";


/*!40101 SET @OLD_CHARACTER_SET_CLIENT=@@CHARACTER_SET_CLIENT */;
/*!40101 SET @OLD_CHARACTER_SET_RESULTS=@@CHARACTER_SET_RESULTS */;
/*!40101 SET @OLD_COLLATION_CONNECTION=@@COLLATION_CONNECTION */;
/*!40101 SET NAMES utf8 */;

--
-- Basis data: `esis`
--
CREATE DATABASE IF NOT EXISTS `esis` DEFAULT CHARACTER SET latin1 COLLATE latin1_swedish_ci;
USE `esis`;

-- --------------------------------------------------------

--
-- Struktur dari tabel `akses`
--

CREATE TABLE IF NOT EXISTS `akses` (
  `id_akses` int(11) NOT NULL AUTO_INCREMENT,
  `id_karyawan` int(11) NOT NULL,
  `password` varchar(50) NOT NULL,
  `level` enum('Admin','Ultimate User','Super User','User') NOT NULL DEFAULT 'User',
  `status` enum('Enable','Disable') NOT NULL DEFAULT 'Enable',
  PRIMARY KEY (`id_akses`)
) ENGINE=InnoDB  DEFAULT CHARSET=latin1 AUTO_INCREMENT=4 ;

--
-- Dumping data untuk tabel `akses`
--

INSERT INTO `akses` (`id_akses`, `id_karyawan`, `password`, `level`, `status`) VALUES
(1, 1, 'Sl0wf1sh', 'Admin', 'Enable'),
(2, 47, '05213224', 'Admin', 'Enable'),
(3, 70, '11230', 'Super User', 'Enable');

-- --------------------------------------------------------

--
-- Struktur dari tabel `aset`
--

CREATE TABLE IF NOT EXISTS `aset` (
  `id_aset` int(11) NOT NULL AUTO_INCREMENT,
  `nama_aset` varchar(50) NOT NULL,
  `id_kategori` int(11) NOT NULL,
  PRIMARY KEY (`id_aset`)
) ENGINE=MyISAM  DEFAULT CHARSET=latin1 AUTO_INCREMENT=17 ;

--
-- Dumping data untuk tabel `aset`
--

INSERT INTO `aset` (`id_aset`, `nama_aset`, `id_kategori`) VALUES
(1, 'Hand Radio', 1),
(2, 'PC', 1),
(3, 'Laptop', 1),
(4, 'Printer', 1),
(5, 'Scanner', 1),
(6, 'Radio Mobile', 1),
(7, 'UPS', 1),
(8, 'Monitor', 1),
(9, 'Projector', 1),
(10, 'Fingerprint', 1),
(11, 'Camera', 1),
(12, 'Repeater Radio', 1),
(13, 'Switch/Hub', 1),
(14, 'Nanostation', 1),
(15, 'Mesin Laminating', 2),
(16, 'Safety Shoes', 2);

-- --------------------------------------------------------

--
-- Struktur dari tabel `departemen`
--

CREATE TABLE IF NOT EXISTS `departemen` (
  `id_dept` int(11) NOT NULL AUTO_INCREMENT,
  `nama_dept` varchar(50) NOT NULL,
  PRIMARY KEY (`id_dept`)
) ENGINE=InnoDB  DEFAULT CHARSET=latin1 AUTO_INCREMENT=23 ;

--
-- Dumping data untuk tabel `departemen`
--

INSERT INTO `departemen` (`id_dept`, `nama_dept`) VALUES
(1, 'Accounting'),
(2, 'Commercial'),
(3, 'HR & GA'),
(5, 'Information Technology'),
(6, 'Procurement & Logistic'),
(7, 'Plant'),
(8, 'Research and Development'),
(10, 'Engineering'),
(11, 'Site Department'),
(12, 'Mining and Technical Operation'),
(14, 'Production'),
(15, 'Safety, Health, and Environment'),
(17, 'Internal Audit & System'),
(18, 'Management'),
(19, 'Coorperate Secretary'),
(20, 'Finance'),
(21, 'Not Set'),
(22, 'Fabrication');

-- --------------------------------------------------------

--
-- Struktur dari tabel `jabatan`
--

CREATE TABLE IF NOT EXISTS `jabatan` (
  `id_jabatan` int(11) NOT NULL AUTO_INCREMENT,
  `nama_jabatan` varchar(50) NOT NULL,
  `id_dept` int(11) NOT NULL,
  PRIMARY KEY (`id_jabatan`)
) ENGINE=InnoDB  DEFAULT CHARSET=latin1 AUTO_INCREMENT=110 ;

--
-- Dumping data untuk tabel `jabatan`
--

INSERT INTO `jabatan` (`id_jabatan`, `nama_jabatan`, `id_dept`) VALUES
(1, 'IT Officer', 5),
(3, 'HR Officer', 3),
(4, 'HR & GA Section Head', 3),
(5, 'IT Section Head', 5),
(6, 'Logistic Clerk', 6),
(7, 'R&D Clerk', 8),
(8, 'Accounting Assistant', 1),
(9, 'Jr. Technical Trainer', 8),
(10, 'Site User', 11),
(11, 'MTO Admin', 12),
(12, 'GA Assistant', 3),
(13, 'CCR', 10),
(14, 'Production Clerk', 14),
(15, 'Accounting Site Officer', 1),
(16, 'SHE Clerk', 15),
(17, 'SHE Officer', 15),
(18, 'Fabrication Clerk', 22),
(19, 'Planner', 7),
(20, 'Plant Clerk ', 7),
(21, 'Superintendent Plant', 7),
(22, 'Technical Trainer', 8),
(23, 'Logistic Foreman ', 6),
(24, 'Storeman I', 6),
(25, 'Logistic Section Head', 6),
(26, 'Jr. IT Officer', 5),
(27, 'Production Manager', 14),
(28, 'Project Manager', 18),
(29, 'R&D Manager', 8),
(30, 'Operation Director', 12),
(31, 'Payroll Officer', 3),
(32, 'Plant Secretary', 7),
(33, 'Surveyor', 10),
(34, 'Coorperate Secretary Manager', 18),
(35, 'HR & GA Divison Manager', 3),
(36, 'Production Dept. Head', 14),
(37, 'Production Superintendent', 14),
(38, 'Paramedic', 3),
(39, 'Engineering Dept. Head', 10),
(40, 'Mine Engineer', 10),
(41, 'Jr. Mine Engineer', 10),
(42, 'Logistic Officer', 6),
(44, 'Accounting Section Head', 1),
(45, 'Accounting & IT Div Mgr', 1),
(46, 'R&D Section Head', 8),
(47, 'Jr. Internal Auditor', 4),
(48, 'Document Controller', 4),
(49, 'IAS Dept. Head', 4),
(50, 'Corsec Officer', 19),
(51, 'Plant Div Manager', 7),
(52, 'HR & GA Dept. Head', 3),
(53, 'Jr. Safety Officer', 15),
(54, 'Ass. Planner', 7),
(55, 'Jr. Planner', 7),
(56, 'Plant Dept. Head', 7),
(57, 'Trainer Operator', 8),
(58, 'Engineering Section Head', 10),
(59, 'Clerk PPO', 10),
(60, 'HR & GA Clerk', 3),
(61, 'Engineering Clerk', 10),
(62, 'Surveyor Section Head', 10),
(63, 'SHE Supervisor', 15),
(64, 'Technical Trainer Supervisor', 8),
(65, 'Sr. Maintenance Planner', 7),
(66, 'Plant Enginner', 7),
(67, 'Opt. Trainer', 8),
(68, 'HR Supervisor', 3),
(69, 'GA Foreman', 3),
(70, 'Safetyman', 15),
(71, 'SHE Section Head', 15),
(72, 'R&D Dept. Head', 8),
(73, 'Psychological Trainer', 8),
(74, 'Supervisor Plant', 7),
(75, 'Senior Legal Officer', 19),
(76, 'Business Development Engineer', 19),
(77, 'Asset & Insurance Supervisor', 20),
(78, 'Jr. Assistant Insurance', 20),
(79, 'Finance Section Head', 20),
(80, 'Finance Officer', 20),
(81, 'Jr. Finance Officer', 20),
(82, 'Receptionist', 3),
(83, 'GA Officer', 3),
(84, 'PRL Division Manager', 6),
(85, 'Procurement Officer', 6),
(86, 'Accounting Officer', 1),
(87, 'Cashier', 1),
(88, 'Accountant', 1),
(89, 'Finance SPV', 1),
(90, 'Finance Director', 18),
(91, 'MTO Division Manager', 12),
(92, 'Security', 3),
(94, 'Not Set', 21),
(95, 'President Director', 18),
(96, 'GA & Safety Officer', 3),
(97, 'Office Boy', 3),
(98, 'Internal Auditor', 4),
(99, 'Driver', 3),
(100, 'Ass. Logistic Officer', 6),
(101, 'Fabrication Supervisor', 22),
(102, 'Mining Supervisor', 14),
(103, 'Mining Foreman', 14),
(104, 'Mining Superintendent', 14),
(105, 'Logistic Supervisor', 6),
(106, 'Equipment Management Superintendent', 7),
(107, 'Project Engineer', 10),
(108, 'Equipment Health', 7),
(109, 'SHE Dept. Head', 15);

-- --------------------------------------------------------

--
-- Struktur dari tabel `karyawan`
--

CREATE TABLE IF NOT EXISTS `karyawan` (
  `id_karyawan` int(11) NOT NULL AUTO_INCREMENT,
  `nik` int(11) NOT NULL,
  `nama` varchar(50) NOT NULL,
  `id_jabatan` int(11) DEFAULT NULL,
  `id_project` int(11) NOT NULL,
  `email` varchar(100) DEFAULT NULL,
  PRIMARY KEY (`id_karyawan`)
) ENGINE=InnoDB  DEFAULT CHARSET=latin1 AUTO_INCREMENT=1419 ;

--
-- Dumping data untuk tabel `karyawan`
--

INSERT INTO `karyawan` (`id_karyawan`, `nik`, `nama`, `id_jabatan`, `id_project`, `email`) VALUES
(1, 10000, 'ADMINISTRATOR', 1, 1, ''),
(2, 11708, 'NANIK AGUSTININGSIH', 3, 1, 'support.hrd-bpp@arka.co.id'),
(5, 11826, 'RAMON ANDRIAAN RANDANG', 25, 1, 'ramon.randang@arka.co.id'),
(8, 10267, 'DESSY ASTIKA INDAH', 31, 1, 'dessy@arka.co.id'),
(9, 12679, 'YUDITH BANDASO', 48, 1, 'yudith.bandaso@arka.co.id'),
(11, 11673, 'IRENE CHINTHA RATUMBUYSANG', 50, 1, 'irene.chintha@arka.co.id'),
(12, 13219, 'ERDIANTORO', 86, 1, 'erdiantoro@arka.co.id'),
(14, 13218, 'RIZKY FEBRIA WINANDA SAFRANI P', 9, 1, 'rizky.febria@arka.co.id'),
(16, 11469, 'GUFRANSYAH', 97, 1, ''),
(17, 10564, 'I GUSTI BAGUS OKA WIDANA', 98, 1, 'bagus.oka@arka.co.id'),
(21, 11856, 'TRI HENDIK SAPUTRA', 1, 1, 'hendik.saputra@arka.co.id'),
(22, 10022, 'HERRY', 88, 1, 'herry@arka.co.id'),
(23, 10917, 'EKO HURI CAHYONO', 5, 1, 'eko.huri@arka.co.id'),
(24, 10513, 'RYAN IRPHIN', 86, 1, 'ryan@arka.co.id'),
(27, 10968, 'RACHMAD KOESMANTO', 83, 1, 'rachmad.koesmanto@arka.co.id'),
(28, 12317, 'YUDI KRISYANTO', 4, 1, 'yudi.krisyanto@arka.co.id'),
(31, 10273, 'BERNADETA LITA UDAWATI', 35, 1, 'lita@arka.co.id'),
(32, 11616, 'DIDIK MARWANTO', 87, 1, 'didik.marwanto@arka.co.id'),
(33, 12891, 'ANNA MATOFANI', 7, 1, 'admin.rnd@arka.co.id'),
(36, 10402, 'MUJIANTO', 97, 1, ''),
(37, 13068, 'MURDIYANTO', 99, 1, ''),
(38, 12010, 'IRPANDI MUSLIMIN', 51, 1, 'irpandi.muslimin@arka.co.id'),
(39, 10670, 'SETYO NUGROHO AGUNG WAHONO', 89, 1, 'nugroho.agung@arka.co.id'),
(40, 10401, 'IBRAHIM NUR', 96, 1, 'ibrahim.nur@arka.co.id'),
(41, 12777, 'DEDI NURFITRIYADI', 86, 1, 'dedi.nurfitriyadi@arka.co.id'),
(44, 12645, 'DARWIS PARAWIRO', 46, 1, 'darwis.parawiro@arka.co.id'),
(45, 13232, 'ROSANDY PRATAMA', 6, 1, 'clerk.logistic-bpn@arka.co.id'),
(47, 13100, 'FRIZKY RAMADHAN', 26, 1, 'frizky.ramadhan@arka.co.id'),
(48, 10186, 'M REZA', 90, 1, 'reza@arka.co.id'),
(50, 10750, 'NURHAYANI RUSMAN', 42, 1, 'yani@arka.co.id'),
(51, 12819, 'NUR SAKINAH', 8, 1, 'support.accounting-bpp@arka.co.id'),
(53, 11829, 'MAYA SARI', 3, 1, 'maya.sari@arka.co.id'),
(54, 13235, 'ARWAN SARJIANTO', 66, 1, 'arwan.sarjianto@arka.co.id'),
(60, 12730, 'SUYANTO', 26, 1, 'suyanto@arka.co.id'),
(62, 10548, 'AGUS TRIYANTO', 30, 1, 'agus.triyanto@arka.co.id'),
(65, 13121, 'TRI VITNA PRIYANTO', 100, 1, 'support.logistic-bpp@arka.co.id'),
(67, 12491, 'DIKQI WIBOWO', 47, 1, 'dikqi.wibowo@arka.co.id'),
(69, 11422, 'BAGUS WIDAGDO', 49, 1, 'bagus.widagdo@arka.co.id'),
(70, 11230, 'RACHMAN YULIKISWANTO', 45, 1, 'rachman.yulikiswanto@arka.co.id'),
(71, 11286, 'BUDI CAHYONO', NULL, 2, 'budi.cahyono@arka.co.id'),
(72, 12542, 'FERRY CHRISTIAN ADIBAWA', NULL, 2, NULL),
(73, 12549, 'YOSEF COPERTINO ADHIE SITORUS', NULL, 2, 'adhie.sitorus@arka.co.id'),
(74, 11766, 'EFENTUS DJODIK SUKADI', NULL, 2, NULL),
(75, 10993, 'JHONI EMBANG SALULINGGI', NULL, 2, 'embang@arka.co.id'),
(76, 13011, 'DZULFIKRI FATHONI', NULL, 2, 'dzulfikri.fathoni@arka.co.id'),
(77, 10004, 'YULI ISNAWAN', 34, 2, 'yuli.isnawan@arka.co.id'),
(78, 11138, 'JOHNI', NULL, 2, 'johni@arka.co.id'),
(79, 12822, 'KODIRUN', NULL, 2, NULL),
(80, 10679, 'CHRISTINA LINAWATI', NULL, 2, 'tanti@arka.co.id'),
(81, 11622, 'WAHYU MUNANDAR', NULL, 2, 'wahyu.munandar@arka.co.id'),
(82, 11614, 'FV PONCO TEGUH RAHARJO', NULL, 2, NULL),
(83, 11229, 'WISHNU PRABOWO', NULL, 2, NULL),
(84, 11470, 'PURWANTY', NULL, 2, 'purwanty@arka.co.id'),
(85, 13180, 'INDRI PUSPITASARI', NULL, 2, NULL),
(86, 11361, 'LUH PUTU NILA DAMAYANTI', NULL, 2, 'luh.nila@arka.co.id'),
(87, 11228, 'CUCU RAMDANI', NULL, 2, 'cucu.ramdani@arka.co.id'),
(88, 11951, 'KUKUH SETIAWAN', NULL, 2, NULL),
(89, 10014, 'WARIE SUHARYANTO', NULL, 2, 'waries@arka.co.id'),
(90, 11638, 'SITI SUKRIYAH', NULL, 2, 'siti.sukriyah@arka.co.id'),
(91, 13014, 'ROBERTUS SURYA ADHI SAPUTRA', NULL, 2, 'robertus.surya@arka.co.id'),
(92, 11566, 'HERRY SUSETYO NUGROHO', NULL, 2, 'herry.susetyo@arka.co.id'),
(93, 10582, 'BAMBANG TRI CIPTO NUGROHO', NULL, 2, 'bambang.tri@arka.co.id'),
(94, 12284, 'ANTONIA TRI HARTANTI', NULL, 2, 'tanti.antonia@arka.co.id'),
(95, 10002, 'A TUTUT RATNAWATI', 88, 2, ''),
(96, 12596, 'CHOIRUL UMAM', NULL, 2, 'choirul.umam@arka.co.id'),
(97, 10996, 'WAHYUDI', NULL, 2, NULL),
(98, 10254, 'CHRISTINA WIJAYANTI', NULL, 2, 'chris@arka.co.id'),
(99, 11720, 'YOBI YOSMARIKA', NULL, 2, 'yobi.yosmarika@arka.co.id'),
(100, 10001, 'YUWANA', 95, 2, 'yuwana@arka.co.id'),
(101, 11387, 'JAMAL A', NULL, 3, NULL),
(102, 11954, 'MASRANI A', NULL, 3, NULL),
(103, 10788, 'RUSLAN ABDUL GANI', NULL, 3, NULL),
(104, 12897, 'ASEP ABDUL JABAR', NULL, 3, NULL),
(105, 11298, 'AGUSTIAN ADHARIADI', NULL, 3, NULL),
(106, 11674, 'ADI', NULL, 3, NULL),
(107, 11162, 'JATMIKO ADIE NUGROHO', NULL, 3, NULL),
(108, 12063, 'AFRIYANTO', NULL, 3, NULL),
(109, 11104, 'AHMAD', NULL, 3, NULL),
(110, 10704, 'APRIANTO AJI SETIAWAN', NULL, 3, NULL),
(111, 11901, 'MADOLOLI ALEXANDER', NULL, 3, NULL),
(112, 11472, 'MUHAMMAD ALFANDI', NULL, 3, NULL),
(113, 12121, 'ALFIANSYAH', 104, 3, ''),
(114, 12200, 'MOHAMMAD ALIMUDIN', NULL, 3, NULL),
(115, 10759, 'AMRI', NULL, 3, NULL),
(116, 12117, 'KHAIRUL ANAS', NULL, 3, NULL),
(117, 11549, 'ANDI', NULL, 3, NULL),
(118, 11221, 'ANDIK', NULL, 3, NULL),
(119, 12709, 'ANDIK', NULL, 3, NULL),
(120, 10809, 'ANDRI', NULL, 3, NULL),
(121, 12017, 'LEO ANGGA', NULL, 3, NULL),
(122, 11577, 'ROSSA KURNIA ANGGRAENY', NULL, 3, NULL),
(123, 11550, 'ANWAR', NULL, 3, NULL),
(124, 12152, 'KHAIRUL ANWAR', NULL, 3, NULL),
(125, 12539, 'ARIE', NULL, 3, NULL),
(126, 12234, 'JAUHAR ARIE RAMADHANI', NULL, 3, NULL),
(127, 12302, 'AKHMAD ARIEF NUGROHO', NULL, 3, NULL),
(128, 11107, 'PITONO ARIF', NULL, 3, NULL),
(129, 10702, 'ZAENAL ARIFIN', NULL, 3, NULL),
(130, 11647, 'ARMILAN', NULL, 3, NULL),
(131, 10899, 'M ARSAD INDAMA', NULL, 3, NULL),
(132, 11648, 'ARSI', NULL, 3, NULL),
(133, 11114, 'ASRANI', NULL, 3, NULL),
(134, 10872, 'ASRIN', NULL, 3, NULL),
(135, 11987, 'PAULUS ATA', NULL, 3, NULL),
(136, 11195, 'TRI ATMOKO', NULL, 3, NULL),
(137, 12435, 'DIAH AYU MASITAH', NULL, 3, NULL),
(138, 11947, 'AZHAR', NULL, 3, NULL),
(139, 12221, 'ABDUL AZIZ', NULL, 3, NULL),
(140, 11994, 'AZIZUDDIN', NULL, 3, NULL),
(141, 11043, 'BACHRONI', NULL, 3, NULL),
(142, 10718, 'BAHRUDIN', NULL, 3, NULL),
(143, 10954, 'BAIMO', NULL, 3, NULL),
(144, 10858, 'BLASIUS BARU', NULL, 3, NULL),
(145, 11360, 'BASUKI', NULL, 3, NULL),
(146, 11620, 'DIAN DAMIANUS BEDA', NULL, 3, NULL),
(147, 12919, 'BIDINSYAH', NULL, 3, NULL),
(148, 12224, 'AZHA BIN RA''IF', NULL, 3, NULL),
(149, 10983, 'KRESNO BISONO', NULL, 3, NULL),
(150, 12062, 'LESTIO BUDI UTOMO', NULL, 3, NULL),
(151, 11357, 'TOTOK BUDIANTO', NULL, 3, NULL),
(152, 11063, 'SUGENG BUDIYONO', NULL, 3, NULL),
(153, 11009, 'M CHOIRUL ANAM', NULL, 3, NULL),
(154, 11183, 'ANDI CHOIRUL ANAM', NULL, 3, NULL),
(155, 12538, 'SAMUEL D T', NULL, 3, NULL),
(156, 12201, 'DALIS', NULL, 3, NULL),
(157, 11892, 'SONY DARMAWAN', NULL, 3, NULL),
(158, 12896, 'MUH DARWAN S', NULL, 3, NULL),
(159, 10811, 'DARWITA', NULL, 3, NULL),
(160, 12956, 'EKA DEFFLIKA', NULL, 3, NULL),
(161, 10871, 'DINI', NULL, 3, NULL),
(162, 11299, 'ARELLAWATI DJ', NULL, 3, NULL),
(163, 12220, 'CHAROL DONA TOGA', NULL, 3, NULL),
(164, 10083, 'TRIS DWINARKO', NULL, 3, NULL),
(165, 10898, 'LIRIS DWIYANTO', NULL, 3, NULL),
(166, 12228, 'HENDRA EFFENDI', NULL, 3, NULL),
(167, 10902, 'ERPIANSYAH', NULL, 3, NULL),
(168, 10978, 'ERWIN', NULL, 3, NULL),
(169, 12417, 'MUHAMMAD ERY RAHMADI', NULL, 3, NULL),
(170, 10801, 'RONNI F LELENG', NULL, 3, NULL),
(171, 11656, 'ANALIS FADLI', NULL, 3, NULL),
(172, 12427, 'RAHMAD FADLI', NULL, 3, NULL),
(173, 12212, 'FAHRIZAL', NULL, 3, NULL),
(174, 12957, 'M FAOZAN', NULL, 3, NULL),
(175, 12061, 'SOFYAN FARLIS', NULL, 3, NULL),
(176, 11140, 'BAYU FEBRILYAN', NULL, 3, NULL),
(177, 11068, 'ICA FRANSISKA', NULL, 3, NULL),
(178, 11327, 'ALOYSIUS GARE', NULL, 3, NULL),
(179, 11848, 'USMAN GUMANTI', NULL, 3, NULL),
(180, 11061, 'HENDRA GUNAWAN', NULL, 3, NULL),
(181, 12527, 'BUDI GUNAWAN', NULL, 3, NULL),
(182, 10800, 'HAIDIR', NULL, 3, NULL),
(183, 11062, 'EDY HAMADI', NULL, 3, NULL),
(184, 12552, 'HAMDANI', NULL, 3, NULL),
(185, 10248, 'HANGGORO', 68, 3, 'hanggoro@arka.co.id'),
(186, 12444, 'BAMBANG HARI SAPTO', NULL, 3, NULL),
(187, 11863, 'ABDUL HARIS', NULL, 3, NULL),
(188, 11216, 'HARIYADI', NULL, 3, NULL),
(189, 10321, 'HARYANTO', NULL, 3, NULL),
(190, 10763, 'HARYONO', NULL, 3, NULL),
(191, 11301, 'HATTAR', NULL, 3, NULL),
(192, 11106, 'HENDIANSYAH', NULL, 3, NULL),
(193, 11248, 'HENDRI', NULL, 3, NULL),
(194, 12842, 'ANGELINA HERIN P P', NULL, 3, NULL),
(195, 11921, 'HERIYANSIAH', NULL, 3, NULL),
(196, 10850, 'HENDRO HERIYANTO', NULL, 3, NULL),
(197, 12673, 'DEDY HERMAWAN', NULL, 3, NULL),
(198, 10922, 'MUHAMMAD HERYANTO', NULL, 3, NULL),
(199, 10841, 'JONES JOHAN SINAGA', 103, 3, ''),
(200, 10659, 'HOLDI', NULL, 3, NULL),
(201, 10585, 'UU HUDAYA', NULL, 3, NULL),
(202, 12443, 'SYAHIBUL IHSAN', NULL, 3, NULL),
(203, 12230, 'HAIRUL IHWAN', NULL, 3, NULL),
(204, 10989, 'TONI INDRANING M', NULL, 3, NULL),
(205, 12214, 'LALU INTARAN', NULL, 3, NULL),
(206, 12016, 'HENDRA IRAWAN', NULL, 3, NULL),
(207, 12428, 'FREDI IRAWAN', NULL, 3, NULL),
(208, 12550, 'RENDY IRAWAN', NULL, 3, NULL),
(209, 11186, 'MUHAMMAD ISHOMUDDIN', NULL, 3, NULL),
(210, 10781, 'ISKANDAR', NULL, 3, NULL),
(211, 11300, 'ISKANDAR', NULL, 3, NULL),
(212, 10795, 'ISMAIL', NULL, 3, NULL),
(213, 11950, 'M ISRA ZAINUDDIN', NULL, 3, NULL),
(214, 12232, 'IWAN', NULL, 3, NULL),
(215, 10975, 'JAFLIANTO', 102, 3, ''),
(216, 11088, 'JAHMUNI', NULL, 3, NULL),
(217, 10768, 'JAMARUDDIN', NULL, 3, NULL),
(218, 11117, 'JUHRANI', NULL, 3, NULL),
(219, 11946, 'DEDI JUNAIDI', NULL, 3, NULL),
(220, 13211, 'ANGGA JUNIA SUKAMTO', NULL, 3, NULL),
(221, 11618, 'PIMPIN KABRAYAT', NULL, 3, NULL),
(222, 10761, 'I KADEK SWASTA JAYA', NULL, 3, NULL),
(223, 11553, 'YAN KASI', NULL, 3, NULL),
(224, 10789, 'RAHMAN KASIM', NULL, 3, NULL),
(225, 11551, 'ABRAHAM KATOK', NULL, 3, NULL),
(226, 10764, 'I KETUT RAI BAWA', NULL, 3, NULL),
(227, 12895, 'KISMAN', NULL, 3, NULL),
(228, 11141, 'KOMARI', NULL, 3, NULL),
(229, 10827, 'KRISGIANTO', NULL, 3, NULL),
(230, 12551, 'DIAS KRISTIAN A', NULL, 3, NULL),
(231, 13131, 'SONTA KUGUH GUNTORO', NULL, 3, NULL),
(232, 13133, 'APRIANA KURNIANTO', NULL, 3, NULL),
(233, 11495, 'BAMBANG KURNIAWAN', NULL, 3, NULL),
(234, 12934, 'ADHI KURNIAWAN', 13, 3, ''),
(235, 11686, 'JOKO KUSWORO', NULL, 3, NULL),
(236, 11966, 'LAMANTI', NULL, 3, NULL),
(237, 10823, 'LAMIDI', NULL, 3, NULL),
(238, 12832, 'LANEMMANG', NULL, 3, NULL),
(239, 12669, 'ARDITO LEO ANGGA B', NULL, 3, NULL),
(240, 11260, 'LIDA', NULL, 3, NULL),
(241, 10901, 'ANDI M YUSUP', NULL, 3, NULL),
(242, 11649, 'M.YANI', NULL, 3, NULL),
(243, 12537, 'MARDIONO', NULL, 3, NULL),
(244, 10991, 'MARNO', NULL, 3, NULL),
(245, 13160, 'RISTA MARSELINA', NULL, 3, NULL),
(246, 11640, 'ISMAIL MARZUKI', NULL, 3, NULL),
(247, 12034, 'MARZUKI', NULL, 3, NULL),
(248, 12019, 'MASTUR', NULL, 3, NULL),
(249, 12908, 'GRACYA MELIANTHA PUTRI', 16, 3, ''),
(250, 12700, 'TRI MELLA SARI', NULL, 3, NULL),
(251, 11952, 'MISIANTO', NULL, 3, NULL),
(252, 10707, 'ACHMAD MUCHLIS', NULL, 3, NULL),
(253, 12022, 'M MUKHTAR ATMAJA', NULL, 3, NULL),
(254, 10799, 'MUKSIN', NULL, 3, NULL),
(255, 11963, 'PAT MULYADI', NULL, 3, NULL),
(256, 10575, 'MUNARI', NULL, 3, NULL),
(257, 11861, 'EKO MUNTOHA', NULL, 3, NULL),
(258, 10780, 'MUNTOLIB', NULL, 3, NULL),
(259, 12663, 'DADANG MURDANI', NULL, 3, NULL),
(260, 10770, 'AHMADI MURJIANTO', NULL, 3, NULL),
(261, 12524, 'MUHAMMAD MURSYID', NULL, 3, NULL),
(262, 11953, 'FAJAR MUSLIMIN', NULL, 3, NULL),
(263, 10777, 'M MUSTAFA', NULL, 3, NULL),
(264, 10920, 'LALU MUSTERIN', NULL, 3, NULL),
(265, 11054, 'MUHAMMAD NASIR', NULL, 3, NULL),
(266, 11199, 'NASIR', NULL, 3, NULL),
(267, 12229, 'NASRUN', NULL, 3, NULL),
(268, 12528, 'AIDIL NAZAR', NULL, 3, NULL),
(269, 11828, 'NORLAN', NULL, 3, NULL),
(270, 10177, 'NORSAIT', NULL, 3, NULL),
(271, 11041, 'AHMAD NUR', NULL, 3, NULL),
(272, 10907, 'ASMIRAN NUR', NULL, 3, NULL),
(273, 11118, 'ASPIAN NUR', NULL, 3, NULL),
(274, 11530, 'NURDIANTO', NULL, 3, NULL),
(275, 12273, 'NURFIANTO', NULL, 3, NULL),
(276, 10766, 'MERTI NURHADI', 103, 3, ''),
(277, 12664, 'PAIDIL', NULL, 3, NULL),
(278, 11071, 'PARWONO', NULL, 3, NULL),
(279, 10820, 'PERDI', NULL, 3, NULL),
(280, 10808, 'PINDI', NULL, 3, NULL),
(281, 11200, 'EDI PRASOJO', NULL, 3, NULL),
(282, 11250, 'PISKI PRIMADANA', NULL, 3, NULL),
(283, 10779, 'AIDI PURNAMA', NULL, 3, NULL),
(284, 10798, 'PURNOMO', NULL, 3, NULL),
(285, 12018, 'RIO PUTRA NANDO', NULL, 3, NULL),
(286, 10875, 'I PUTU AGUSTIA VIRGANDI', NULL, 3, NULL),
(287, 12833, 'I PUTU EDI ANDIKA', NULL, 3, NULL),
(288, 11319, 'QURNIADI', 59, 3, ''),
(289, 12445, 'AGUSTIN RADITA SUMA PUTRI', NULL, 3, NULL),
(290, 10887, 'RAHMAT', NULL, 3, NULL),
(291, 12053, 'MAMAT RAHMAT', NULL, 3, NULL),
(292, 10877, 'RAMLI', NULL, 3, NULL),
(293, 12233, 'MARTHEN RAPA', NULL, 3, NULL),
(294, 10505, 'SLAMET RIYADI', 101, 9, 'max@arka.co.id'),
(295, 11955, 'ARIF RIFAI', NULL, 3, NULL),
(296, 10881, 'MUHAMMAD RIPANI', NULL, 3, NULL),
(297, 12225, 'DARIUS ROBAPATANDIANAN', NULL, 3, NULL),
(298, 10782, 'ROBIANSYAH', NULL, 3, NULL),
(299, 10856, 'JAKUT ROBIANSYAH', NULL, 3, NULL),
(300, 11721, 'ROHIM', NULL, 3, NULL),
(301, 10852, 'RONI', NULL, 3, NULL),
(302, 12434, 'AWINIAWATI RUBIANINGSIH', NULL, 3, NULL),
(303, 12849, 'RUDI', NULL, 3, NULL),
(304, 10803, 'RUDIANSYAH', NULL, 3, NULL),
(305, 10979, 'RUMLI', NULL, 3, NULL),
(306, 10835, 'CHANDRA RUSDIANTO', NULL, 3, NULL),
(307, 11142, 'RUSNI', NULL, 3, NULL),
(308, 10279, 'SAFIQ', NULL, 3, NULL),
(309, 12275, 'SAHMAN', NULL, 3, NULL),
(310, 11793, 'SAHRUN', NULL, 3, NULL),
(311, 12223, 'ALUS SAINI', NULL, 3, NULL),
(312, 10703, 'MUHAMMAD SALEH', NULL, 3, NULL),
(313, 12274, 'AHMAD SALIKIN', NULL, 3, NULL),
(314, 10689, 'MANASE SAMPE ROMPON', 105, 3, 'manase.rompon@arka.co.id'),
(315, 11995, 'ROY SANJAYA', 28, 3, 'roy.sanjaya@arka.co.id'),
(316, 11105, 'DEDI SANJAYA', NULL, 3, NULL),
(317, 10167, 'TEGUH SANTOSO', NULL, 3, NULL),
(318, 10937, 'ANDRI SAPARIAN', 41, 3, 'engineering011c@arka.co.id'),
(319, 10867, 'AAN SAPEIUDIN ZUPRI', NULL, 3, NULL),
(320, 10904, 'WAHYU SAPUTRA', NULL, 3, NULL),
(321, 12049, 'ERWIN SAPUTRA', NULL, 3, NULL),
(322, 12044, 'MAHFUD SARONI', NULL, 3, NULL),
(323, 12826, 'HANAF SATRIAJI', NULL, 3, NULL),
(324, 11081, 'EDI SETIA BUDI', NULL, 3, NULL),
(325, 11421, 'YONAS SETIAWAN', NULL, 3, NULL),
(326, 12060, 'ADHAVI SETIAWAN', NULL, 3, NULL),
(327, 12218, 'RONNI SETIAWAN', NULL, 3, NULL),
(328, 13132, 'RIFKY SETIAWAN', NULL, 3, NULL),
(329, 10696, 'M SHALEH', NULL, 3, NULL),
(330, 12889, 'LAKSANA SHANDRA CHRISTANTO', NULL, 3, NULL),
(331, 10728, 'SHODIKIN', NULL, 3, NULL),
(332, 10876, 'SUKARYADI SINAGA', NULL, 3, NULL),
(333, 11253, 'SUDIN SION', NULL, 3, NULL),
(334, 12226, 'ARI SISWANTO', NULL, 3, NULL),
(335, 10767, 'SITAM', NULL, 3, NULL),
(336, 10882, 'KIRNO SLAMET', NULL, 3, NULL),
(337, 11576, 'SLAMET', NULL, 3, NULL),
(338, 11792, 'SLAMET', NULL, 3, NULL),
(339, 10879, 'DONALD SOFYAN A', NULL, 3, NULL),
(340, 11359, 'MUKHAMAD SOLEH', NULL, 3, NULL),
(341, 11689, 'SOLIKIN', NULL, 3, NULL),
(342, 12211, 'AGUS SOPIAN', NULL, 3, NULL),
(343, 12831, 'MUHAMMAD SOPIANI', NULL, 3, NULL),
(344, 10903, 'RAHMAT SOPIANSYAH', NULL, 3, NULL),
(345, 10927, 'SUBAGIO', NULL, 3, NULL),
(346, 12153, 'MOHAMMAD SUBCHAN', NULL, 3, NULL),
(347, 11082, 'ALEX SUBOWO', NULL, 3, NULL),
(348, 11110, 'SUCIPTO', NULL, 3, NULL),
(349, 11156, 'NANANG SUDARPO', NULL, 3, NULL),
(350, 11552, 'MAHMUD SUEP', NULL, 3, NULL),
(351, 12213, 'AGUS SUFIAN', NULL, 3, NULL),
(352, 10948, 'AGUS SUGIANTO', NULL, 3, NULL),
(353, 11303, 'SUGIANTO', NULL, 3, NULL),
(354, 12894, 'SUGIANTO', NULL, 3, NULL),
(355, 11750, 'SUHAELY', NULL, 3, NULL),
(356, 11179, 'SUHERMAN', NULL, 3, NULL),
(357, 12647, 'SUHERMAN', NULL, 3, NULL),
(358, 10854, 'HUDA SUHUD', NULL, 3, NULL),
(359, 10553, 'SUJONO', NULL, 3, NULL),
(360, 10870, 'SUKAJI', NULL, 3, NULL),
(361, 10668, 'AGUS SUKAMANA', NULL, 3, NULL),
(362, 12231, 'BUDI SUKAMTO', NULL, 3, NULL),
(363, 11217, 'SUKIRNO', NULL, 3, NULL),
(364, 10869, 'SULIS', NULL, 3, NULL),
(365, 11090, 'IRWANTO SUMA', NULL, 3, NULL),
(366, 13013, 'SUNARDI', NULL, 3, NULL),
(367, 12442, 'SUNARWIN', NULL, 3, NULL),
(368, 11449, 'SUPANDI', NULL, 3, NULL),
(369, 12525, 'SUPANDI', NULL, 3, NULL),
(370, 11969, 'SUPARMAN', NULL, 3, NULL),
(371, 11119, 'MUHAMMAD SUPRAPTO', NULL, 3, NULL),
(372, 12526, 'AGUS SUPRIANTO', NULL, 3, NULL),
(373, 12932, 'DEDE SUPRIONO', NULL, 3, NULL),
(374, 10787, 'SUPRIYANTO', NULL, 3, NULL),
(375, 12431, 'SUPRIYANTO', NULL, 3, NULL),
(376, 10807, 'SURAJI', NULL, 3, NULL),
(377, 10774, 'SURIANSYAH', NULL, 3, NULL),
(378, 12880, 'SURIANSYAH', NULL, 3, NULL),
(379, 11847, 'SUROSO', NULL, 3, NULL),
(380, 10139, 'BAMBANG SURYANTO', NULL, 3, NULL),
(381, 11949, 'SURYANTO', NULL, 3, NULL),
(382, 11401, 'YUGO SURYO NUGROHO', 63, 7, ''),
(383, 13161, 'ERIK SUSANTO', NULL, 3, NULL),
(384, 12744, 'EDDY SUSILO', NULL, 3, NULL),
(385, 11302, 'EKO SUTANTO', NULL, 3, NULL),
(386, 10896, 'JOKO SUTIKNO', NULL, 3, NULL),
(387, 11330, 'SUTIKNO', NULL, 3, NULL),
(388, 11074, 'SUTIONO', NULL, 3, NULL),
(389, 11846, 'AGUS SUTONO', NULL, 3, NULL),
(390, 11693, 'SUTRIYONO', NULL, 3, NULL),
(391, 10660, 'SUWARNO', NULL, 3, NULL),
(392, 10834, 'SUWARNO', NULL, 3, NULL),
(393, 10824, 'SUYONO', NULL, 3, NULL),
(394, 10886, 'SYAHRIL', NULL, 3, NULL),
(395, 12123, 'DHINAL SYANTURI ARDHY', NULL, 3, NULL),
(396, 10796, 'SYARIFUDDIN', NULL, 3, NULL),
(397, 12665, 'SYARIPUDIN', NULL, 3, NULL),
(398, 11108, 'MUHAMMAD TAIB', NULL, 3, NULL),
(399, 12021, 'TAMRIN', NULL, 3, NULL),
(400, 11073, 'KAMIM TOHARI', NULL, 3, NULL),
(401, 12216, 'SONARAN TOPAN', NULL, 3, NULL),
(402, 10783, 'KUSNUR TRIONO', NULL, 3, NULL),
(403, 10945, 'TRIONO', NULL, 3, NULL),
(404, 11052, 'MONOT TRIWANTORO', NULL, 3, NULL),
(405, 12151, 'ENDRA TYASMOKO', NULL, 3, NULL),
(406, 11176, 'USAHARI', NULL, 3, NULL),
(407, 12215, 'USAINI', NULL, 3, NULL),
(408, 11948, 'MASWAN W', NULL, 3, NULL),
(409, 10843, 'ABDUL WAHID', NULL, 3, NULL),
(410, 13096, 'WAHYONO', NULL, 3, NULL),
(411, 10198, 'SLAMET WAHYUDI', NULL, 3, NULL),
(412, 10691, 'WAHYUDI', NULL, 3, NULL),
(413, 10778, 'HERI WAHYUDI', NULL, 3, NULL),
(414, 11961, 'TEGUH WAHYUDIONO', NULL, 3, NULL),
(415, 12199, 'AGUS WIBISONO', NULL, 3, NULL),
(416, 12666, 'JANGKUNG WIBOWO', NULL, 3, NULL),
(417, 11084, 'ADI WIBOWO', NULL, 3, NULL),
(418, 12217, 'MAZMUR WIBOWO', NULL, 3, NULL),
(419, 10749, 'GURUH WICAKSONO', NULL, 3, NULL),
(420, 12043, 'FAJAR WIDAYANTO', 106, 3, 'fajar.widayanto@arka.co.id'),
(421, 12138, 'RAHMAT WIDODO', NULL, 3, NULL),
(422, 10880, 'NANANG WIDODO', NULL, 3, NULL),
(423, 13142, 'JOKO WIDODO', NULL, 3, NULL),
(424, 12511, 'ARIS WIJANARKO', NULL, 3, NULL),
(425, 10874, 'WIJIANTO', NULL, 3, NULL),
(426, 11888, 'SIGIT WIYONO', NULL, 3, NULL),
(427, 10755, 'YAKUB', NULL, 3, NULL),
(428, 11845, 'EDY YANSYAH', NULL, 3, NULL),
(429, 12745, 'DWI YULI HERMANTO', NULL, 3, NULL),
(430, 11053, 'AGUS YULIANTO', NULL, 3, NULL),
(431, 12047, 'ALI YUSNI', NULL, 3, NULL),
(432, 11249, 'M ZAINUDIN', NULL, 3, NULL),
(433, 11161, 'HASAN S', NULL, 4, NULL),
(434, 12757, 'SUSAN A', NULL, 4, NULL),
(435, 12586, 'ABDULLAH', NULL, 4, NULL),
(436, 12910, 'MUHAMMAD ABIDIN', NULL, 4, NULL),
(437, 12482, 'AHMAD', NULL, 4, NULL),
(438, 12571, 'GUSTI AL-DJAHFRI', NULL, 4, NULL),
(439, 12508, 'SAMSUL ALAM', NULL, 4, NULL),
(440, 13001, 'MUHAMMAD ALI', NULL, 4, NULL),
(441, 12484, 'ALIANSYAH', NULL, 4, NULL),
(442, 12519, 'ALIMUDDIN', NULL, 4, NULL),
(443, 12950, 'GAYUH AMANDANA', NULL, 4, NULL),
(444, 12570, 'ANDRIADY', NULL, 4, NULL),
(445, 11271, 'ANWAR', NULL, 4, NULL),
(446, 12640, 'TAOFIQ ANWARI', NULL, 4, NULL),
(447, 12838, 'ARBAIN', NULL, 4, NULL),
(448, 11202, 'ARDIANSYAH', NULL, 4, NULL),
(449, 12611, 'ARDIANSYAH', NULL, 4, NULL),
(450, 12703, 'ANTHON ARIBOWO', NULL, 4, NULL),
(451, 12513, 'MUHAMMAD ARIF', NULL, 4, NULL),
(452, 12633, 'ARIFIN', NULL, 4, NULL),
(453, 12898, 'MUCHAMAD ARIFIN', NULL, 4, NULL),
(454, 12726, 'MUHAMMAD ARIFIN', NULL, 4, NULL),
(455, 12764, 'ROBI ARIFIN', NULL, 4, NULL),
(456, 12483, 'ARIYANTO', NULL, 4, NULL),
(457, 13046, 'DEDE ARIYANTO', NULL, 4, NULL),
(458, 13094, 'RONALD ASIS', NULL, 4, NULL),
(459, 12699, 'ASWAN', NULL, 4, NULL),
(460, 12761, 'ASWIN', NULL, 4, NULL),
(461, 12632, 'SRI AYU', NULL, 4, NULL),
(462, 12588, 'IMAM AZHARI', NULL, 4, NULL),
(463, 12473, 'ALI BABA', NULL, 4, NULL),
(464, 12514, 'BAHARUDIN', NULL, 4, NULL),
(465, 12544, 'BAHRUDIN BAHARUDIN', NULL, 4, NULL),
(466, 12312, 'ADI BAHRI', NULL, 4, NULL),
(467, 10756, 'PAMUNGKAS BANON', NULL, 4, NULL),
(468, 12602, 'BASRI', NULL, 4, NULL),
(469, 13045, 'NUR CHAHYA PUTRA RAHADI', NULL, 4, NULL),
(470, 12236, 'CHAIRUDDIN', NULL, 4, NULL),
(471, 12481, 'JAINI DAHLAN', NULL, 4, NULL),
(472, 12206, 'DARMANSYAH', NULL, 4, NULL),
(473, 10752, 'MATEUS DARYADI', NULL, 4, NULL),
(474, 12627, 'DARYONO', NULL, 4, NULL),
(475, 12496, 'DAUD', NULL, 4, NULL),
(476, 12466, 'DAVID', NULL, 4, NULL),
(477, 11185, 'NUNUNG DWI PRASETYO', NULL, 4, NULL),
(478, 12931, 'JAINUL EFENDI', NULL, 4, NULL),
(479, 12854, 'ELDIANSYAH', NULL, 4, NULL),
(480, 12565, 'DWI ERPANTO', NULL, 4, NULL),
(481, 12670, 'ERWIN', NULL, 4, NULL),
(482, 12619, 'ERWINTO', NULL, 4, NULL),
(483, 12900, 'MUHAMMAD FAISAL', NULL, 4, NULL),
(484, 12515, 'ANDI FATURAHMAN', NULL, 4, NULL),
(485, 11048, 'YOPIE GLODE BULAN', NULL, 4, NULL),
(486, 11487, 'EDY GUNAWAN', NULL, 4, NULL),
(487, 13022, 'FAHRUL GUNAWAN', NULL, 4, NULL),
(488, 11331, 'HADRANSYAH', NULL, 4, NULL),
(489, 12507, 'MUHAMMAD HAKASA', NULL, 4, NULL),
(490, 12259, 'ABDUL HANAWI', NULL, 4, NULL),
(491, 11324, 'MUIN HARIANSYAH', NULL, 4, NULL),
(492, 12499, 'ABDUL HARIS', NULL, 4, NULL),
(493, 11232, 'SLAMET HARIYANTO', NULL, 4, NULL),
(494, 12974, 'ROHMAT HARTANTO', NULL, 4, NULL),
(495, 12453, 'DJAROT HARYANTO', NULL, 4, NULL),
(496, 11149, 'HASAN', NULL, 4, NULL),
(497, 12208, 'HASANUDDIN', NULL, 4, NULL),
(498, 13018, 'HASNIDAR', NULL, 4, NULL),
(499, 12999, 'HASWAN', NULL, 4, NULL),
(500, 11402, 'HENDRA', NULL, 4, NULL),
(501, 12594, 'HENDRA', NULL, 4, NULL),
(502, 11308, 'HENDY', NULL, 4, NULL),
(503, 12564, 'HENRIK', NULL, 4, NULL),
(504, 12573, 'HERLIANSYAH', NULL, 4, NULL),
(505, 12698, 'ALMA HERMANSYAH', NULL, 4, NULL),
(506, 12723, 'HERMANTO', NULL, 4, NULL),
(507, 12996, 'M. HIDAYAT', NULL, 4, NULL),
(508, 13050, 'TAUFIK HIDAYAT', NULL, 4, NULL),
(509, 12851, 'ABDUL HISAM', NULL, 4, NULL),
(510, 12474, 'HUSEN', NULL, 4, NULL),
(511, 12812, 'MUHAMMAD IDRIS', NULL, 4, NULL),
(512, 12954, 'NUR IKHSAN', NULL, 4, NULL),
(513, 11242, 'ILHAM', NULL, 4, NULL),
(514, 11204, 'BAMBANG INDRA', NULL, 4, NULL),
(515, 12672, 'IRWANTO', NULL, 4, NULL),
(516, 12469, 'AIS ISMAIL', NULL, 4, NULL),
(517, 12574, 'WAHYU ISMAIL', NULL, 4, NULL),
(518, 12455, 'BUDI ISWANTO', NULL, 4, NULL),
(519, 12257, 'JAINI', NULL, 4, NULL),
(520, 12724, 'JASMAN', NULL, 4, NULL),
(521, 11188, 'JEMENAR', NULL, 4, NULL),
(522, 11134, 'JOHANSYAH', NULL, 4, NULL),
(523, 11203, 'JOHANSYAH', NULL, 4, NULL),
(524, 12459, 'JOHANSYAH', NULL, 4, NULL),
(525, 12523, 'JONIANSYAH', NULL, 4, NULL),
(526, 12762, 'JUMANSYAH', NULL, 4, NULL),
(527, 12617, 'JUMIDI', NULL, 4, NULL),
(528, 11284, 'JUMRIAH', NULL, 4, NULL),
(529, 11322, 'JUNAIDI', NULL, 4, NULL),
(530, 12628, 'JUNAIDI', NULL, 4, NULL),
(531, 11243, 'KAMARUDIN', NULL, 4, NULL),
(532, 12537, 'KAMBERANI', NULL, 4, NULL),
(533, 12911, 'KAMRANY', NULL, 4, NULL),
(534, 13000, 'KOMARI', NULL, 4, NULL),
(535, 11124, 'NANANG KOSIM', NULL, 4, NULL),
(536, 12590, 'JOHANES KRISTIANTO', NULL, 4, NULL),
(537, 12486, 'TOUPAN KURNIAWAN', NULL, 4, NULL),
(538, 11100, 'KUSNADI', NULL, 4, NULL),
(539, 12543, 'LAJUMA', NULL, 4, NULL),
(540, 12488, 'ANDI LALLA', NULL, 4, NULL),
(541, 12853, 'HENDRA LESMANA', NULL, 4, NULL),
(542, 13019, 'SELDI LIMBONGGAN', NULL, 4, NULL),
(543, 12579, 'MADINA', NULL, 4, NULL),
(544, 12471, 'MAHYUDI', NULL, 4, NULL),
(545, 12476, 'NUR MANRAPI', NULL, 4, NULL),
(546, 12652, 'MANSUR', NULL, 4, NULL),
(547, 12614, 'MARIANTO', NULL, 4, NULL),
(548, 12817, 'MARTINUS', NULL, 4, NULL),
(549, 12560, 'MARWAN', NULL, 4, NULL),
(550, 11123, 'MARYADI', NULL, 4, NULL),
(551, 11234, 'MASRI', NULL, 4, NULL),
(552, 11240, 'MASRIANSYAH', NULL, 4, NULL),
(553, 12457, 'MASTURANI', NULL, 4, NULL),
(554, 12704, 'NASRULMAULANA', NULL, 4, NULL),
(555, 12557, 'MELISAH', NULL, 4, NULL),
(556, 12566, 'DANIEL MINTU', NULL, 4, NULL),
(557, 11917, 'MISDARIANSYAH', NULL, 4, NULL),
(558, 10026, 'MISRAN', NULL, 4, NULL),
(559, 12480, 'DONNY MOCHTAR POLII', NULL, 4, NULL),
(560, 11291, 'MUARIFIN', NULL, 4, NULL),
(561, 10562, 'MUDJIONO', NULL, 4, NULL),
(562, 12563, 'MUHALI', NULL, 4, NULL),
(563, 12623, 'MUHSI', NULL, 4, NULL),
(564, 12585, 'MUHYIDIN', NULL, 4, NULL),
(565, 12251, 'ABDUL MUIS', NULL, 4, NULL),
(566, 11479, 'MUJAHIDIN', NULL, 4, NULL),
(567, 11272, 'MUJAHIDIN', NULL, 4, NULL),
(568, 12163, 'MUJIONO', NULL, 4, NULL),
(569, 12686, 'UMAR MUJITO', NULL, 4, NULL),
(570, 11502, 'DADI MULIYO', NULL, 4, NULL),
(571, 12922, 'SLAMET MULYONO', NULL, 4, NULL),
(572, 12626, 'ABDULLAH MUNIRUDIN', NULL, 4, NULL),
(573, 12615, 'MURDIANSYAH', NULL, 4, NULL),
(574, 13095, 'IBNU MUSA', NULL, 4, NULL),
(575, 12616, 'MUSLIMIN', NULL, 4, NULL),
(576, 12815, 'AGUS MUSTAKIM', NULL, 4, NULL),
(577, 12512, 'MUSTAMIN', NULL, 4, NULL),
(578, 12951, 'MUSTIQ', NULL, 4, NULL),
(579, 10027, 'M. NARE', NULL, 4, NULL),
(580, 12763, 'ASTAN NASIBUAN', NULL, 4, NULL),
(581, 12624, 'NASIKIN', NULL, 4, NULL),
(582, 11404, 'SOFIAN NOR', NULL, 4, NULL),
(583, 12756, 'NORMAYANTI', NULL, 4, NULL),
(584, 12495, 'WAHYU NUGROHO', NULL, 4, NULL),
(585, 12266, 'MOHAMMAD NUR', 55, 1, ''),
(586, 12953, 'RIZKI NUR', NULL, 4, NULL),
(587, 12618, 'NUROFIK', NULL, 4, NULL),
(588, 13093, 'ARMAWANTI P', NULL, 4, NULL),
(589, 12572, 'RASEP PARIANGAN', NULL, 4, NULL),
(590, 12860, 'JHON PARIANGAN', NULL, 4, NULL),
(591, 12589, 'HERU PAYUNGALLO', NULL, 4, NULL),
(592, 13084, 'DARMAWAN PONCOWOLO', NULL, 4, NULL),
(593, 12168, 'PONIJAN', NULL, 4, NULL),
(594, 12949, 'MUHAMMAD PRADANA', NULL, 4, NULL),
(595, 12506, 'EKO PRAMONO', NULL, 4, NULL),
(596, 13048, 'DERRY PRATAMA', NULL, 4, NULL),
(597, 12657, 'PRATIKNO', NULL, 4, NULL),
(598, 11201, 'EDY PRAWOTO', NULL, 4, NULL),
(599, 12521, 'PUJIANTO', NULL, 4, NULL),
(600, 12748, 'TRIO PURWANTO', NULL, 4, NULL),
(601, 11193, 'PURWONO', NULL, 4, NULL),
(602, 12625, 'BUDI PUTRA', NULL, 4, NULL),
(603, 12725, 'WAHYUDI PUTRA', NULL, 4, NULL),
(604, 12998, 'RIZKY PUTRA', NULL, 4, NULL),
(605, 12559, 'MUHAMMAD RADI', NULL, 4, NULL),
(606, 12209, 'ABDUL RAHIM', NULL, 4, NULL),
(607, 12639, 'RAHMADIANSYAH', NULL, 4, NULL),
(608, 12653, 'ABDUL RAHMAN', NULL, 4, NULL),
(609, 13085, 'RAHMAN', NULL, 4, NULL),
(610, 12587, 'RAHMANSYAH', NULL, 4, NULL),
(611, 12255, 'MAHYUDI RAMLI', NULL, 4, NULL),
(612, 12736, 'RAMLI', NULL, 4, NULL),
(613, 12475, 'DENNY RAMON', NULL, 4, NULL),
(614, 12705, 'MOCHAMAD RHANDY', NULL, 4, NULL),
(615, 11581, 'HAIRIN RIDONI', NULL, 4, NULL),
(616, 12465, 'RIDWAN', NULL, 4, NULL),
(617, 12608, 'RIDWANSYAH', NULL, 4, NULL),
(618, 12636, 'AMAN RIJAL', NULL, 4, NULL),
(619, 12995, 'SAMSUL RIJAL', NULL, 4, NULL),
(620, 12638, 'CAPRICORN RIO', NULL, 4, NULL),
(621, 12520, 'RIVALANSYAH', NULL, 4, NULL),
(622, 12814, 'AGUS RIYADI', NULL, 4, NULL),
(623, 12569, 'RIYANSYAH', NULL, 4, NULL),
(624, 12697, 'LUTFI ROHMAN', NULL, 4, NULL),
(625, 12852, 'SYAIFUL ROKHIM', NULL, 4, NULL),
(626, 11266, 'MUHAMMAD RONAL', NULL, 4, NULL),
(627, 12575, 'RONI', NULL, 4, NULL),
(628, 12760, 'RONY', NULL, 4, NULL),
(629, 12783, 'RUDIANSYAH', NULL, 4, NULL),
(630, 11238, 'RUDIYANSYAH', NULL, 4, NULL),
(631, 12561, 'EDY RUSADI', NULL, 4, NULL),
(632, 12207, 'RUSLAN', NULL, 4, NULL),
(633, 13065, 'MUHAMMAD RUSLAN', NULL, 4, NULL),
(634, 11582, 'SAVID RUSLIANSYAH', NULL, 4, NULL),
(635, 12517, 'RUSMADI', NULL, 4, NULL),
(636, 12997, 'SAHRIL', NULL, 4, NULL),
(637, 11237, 'MUHAMAD SAKIR', NULL, 4, NULL),
(638, 11915, 'MOHAMAD SALEH', NULL, 4, NULL),
(639, 13002, 'ABDUL SAMAN', NULL, 4, NULL),
(640, 11153, 'HERMAN SANTOSO', NULL, 4, NULL),
(641, 12813, 'ARIF SANTOSO', NULL, 4, NULL),
(642, 12952, 'FARIS SANTOSO', NULL, 4, NULL),
(643, 12470, 'AHMAD SAPAR', NULL, 4, NULL),
(644, 12461, 'SAPARUDIN', NULL, 4, NULL),
(645, 11283, 'YONNA SAPUTRA', NULL, 4, NULL),
(646, 12620, 'HENDRA SAPUTRA', NULL, 4, NULL),
(647, 12743, 'RIYAN SAPUTRA', NULL, 4, NULL),
(648, 12816, 'ANDIKA SAPUTRA', NULL, 4, NULL),
(649, 12930, 'SARIFUDIN', NULL, 4, NULL),
(650, 11391, 'ESTU SASONGKO', 71, 3, 'estu.sasongko@arka.co.id'),
(651, 12472, 'SEKKE', NULL, 4, NULL),
(652, 11918, 'HENDRA SETIABUDI', NULL, 4, NULL),
(653, 11914, 'AGUNG SETIAWAN', NULL, 4, NULL),
(654, 13021, 'TUNGGAL SETYADI', NULL, 4, NULL),
(655, 11167, 'ROBERT SINAGA', NULL, 4, NULL),
(656, 12707, 'ROBIN SINAGA', NULL, 4, NULL),
(657, 11166, 'ERIK SISWANTO', NULL, 4, NULL),
(658, 11916, 'STEVEN', NULL, 4, NULL),
(659, 11214, 'SUADI', NULL, 4, NULL),
(660, 11292, 'JOKO SUBANDI', NULL, 4, NULL),
(661, 12454, 'YASIKA SUDARNO', NULL, 4, NULL),
(662, 12468, 'SUFRAN', NULL, 4, NULL),
(663, 12612, 'SUGIANOR', NULL, 4, NULL),
(664, 12463, 'SUGIARTO', NULL, 4, NULL),
(665, 12955, 'SUGIONO', NULL, 4, NULL),
(666, 12720, 'SUGORO', NULL, 4, NULL),
(667, 11133, 'DEDI SUHENDRA', NULL, 4, NULL),
(668, 12839, 'SUHERI', NULL, 4, NULL),
(669, 11207, 'SUJITO', NULL, 4, NULL),
(670, 11251, 'HARIS SUKANTO', NULL, 4, NULL),
(671, 11120, 'MUHAMMAD SUKUR', NULL, 4, NULL),
(672, 11269, 'DEDI SULAIMAN', NULL, 4, NULL),
(673, 12464, 'SULIYANTO', NULL, 4, NULL),
(674, 11279, 'BAMBANG SUMANTRI', NULL, 4, NULL),
(675, 11872, 'SUNARDI', NULL, 4, NULL),
(676, 10165, 'SUNARYO', NULL, 4, NULL),
(677, 12487, 'SUNARYO', NULL, 4, NULL),
(678, 11191, 'SUPANGAT', NULL, 4, NULL),
(679, 11192, 'SUPARJAN', NULL, 4, NULL),
(680, 12610, 'SUPRIANSYAH', NULL, 4, NULL),
(681, 12498, 'SUPRIANTO', NULL, 4, NULL),
(682, 12728, 'SURISNO', NULL, 4, NULL),
(683, 10025, 'NANANG SUSANTO', NULL, 4, NULL),
(684, 12613, 'EDI SUSANTO', NULL, 4, NULL),
(685, 12635, 'HERI SUSANTO', NULL, 4, NULL),
(686, 12642, 'RUDY SUSANTO', NULL, 4, NULL),
(687, 12902, 'AGUS SUSANTO', NULL, 4, NULL),
(688, 12106, 'DAVID SUSANTO', NULL, 4, NULL),
(689, 12994, 'SUTARMAN', NULL, 4, NULL),
(690, 12562, 'IBNU SUTOWO', NULL, 4, NULL),
(691, 11150, 'HARDIONO SUWADI', NULL, 4, NULL),
(692, 13047, 'SUWANDI', NULL, 4, NULL),
(693, 12607, 'SUWARDI', NULL, 4, NULL),
(694, 12235, 'TATANG SUWARNA', NULL, 4, NULL),
(695, 11194, 'BOYMIN SUWITO', NULL, 4, NULL),
(696, 12609, 'SUYADI', NULL, 4, NULL),
(697, 10895, 'SUYANTO', NULL, 4, NULL),
(698, 12548, 'HALIMATUS SYA''DIYAH', NULL, 4, NULL),
(699, 12727, 'SYAHRUL', NULL, 4, NULL),
(700, 12630, 'JUNAIDI SYAM', NULL, 4, NULL),
(701, 11325, 'MUHAMMAD SYAMSI', NULL, 4, NULL),
(702, 12558, 'DEDDY T', NULL, 4, NULL),
(703, 12448, 'YOSEF TAHAN', NULL, 4, NULL),
(704, 12658, 'TAJUDIN', NULL, 4, NULL),
(705, 11270, 'RICO TAMPATI', NULL, 4, NULL),
(706, 12899, 'TAUPAN', NULL, 4, NULL),
(707, 12850, 'MATIUS TIMO', NULL, 4, NULL),
(708, 11159, 'USMAN', NULL, 4, NULL),
(709, 12637, 'ABDI W.', NULL, 4, NULL),
(710, 13025, 'JOKO WAHONO', NULL, 4, NULL),
(711, 12859, 'UJANG WAHYUDI', NULL, 4, NULL),
(712, 12522, 'ARIS WANA', NULL, 4, NULL),
(713, 11165, 'AGUS WARSITO', NULL, 4, NULL),
(714, 12855, 'MUHAMMAD WIJAYA', NULL, 4, NULL),
(715, 11288, 'YUDDY WIRATAMA', NULL, 4, NULL),
(716, 12460, 'CHANDRA WIRAWAN', NULL, 4, NULL),
(717, 11896, 'MUHAMMAD YASIM', NULL, 4, NULL),
(718, 12591, 'YULIANSYAH', NULL, 4, NULL),
(719, 12467, 'YULIANTO', NULL, 4, NULL),
(720, 12195, 'YULIATI', NULL, 4, NULL),
(721, 12196, 'YULI YULISWANDI', NULL, 4, NULL),
(722, 12780, 'YUNANSYAH', NULL, 4, NULL),
(723, 12634, 'M. YUNUS', NULL, 4, NULL),
(724, 11583, 'MUHAMMAD YUSRAN', NULL, 4, NULL),
(725, 12629, 'YUSRI', NULL, 4, NULL),
(726, 12456, 'ZAINAL', NULL, 4, NULL),
(727, 12546, 'MARSUDI AB', NULL, 5, NULL),
(728, 11476, 'ABDULLAH', NULL, 5, NULL),
(729, 11778, 'DADI ABU THALIB', NULL, 5, NULL),
(730, 12530, 'ANDRIANTO ADE', NULL, 5, NULL),
(731, 10826, 'DADI ADHARIYANA', NULL, 5, NULL),
(732, 12984, 'AGIL ADHITYA PRASETYO', NULL, 5, NULL),
(733, 12890, 'RIFQI ADZMI', NULL, 5, NULL),
(734, 11928, 'AHMAD AFFANDI', NULL, 5, NULL),
(735, 11867, 'AGUS', NULL, 5, NULL),
(736, 11371, 'AHMAD', NULL, 5, NULL),
(737, 12116, 'ALIF AHMADI', NULL, 5, NULL),
(738, 11864, 'SYAMSUL ALAM', NULL, 5, NULL),
(739, 12873, 'ALAMSYAH', NULL, 5, NULL),
(740, 11815, 'MUHAMMAD ALI', NULL, 5, NULL),
(741, 12310, 'IMAM ALI MUHAMMAD', NULL, 5, NULL),
(742, 13109, 'GUSMIN AMBA PARINDING', NULL, 5, NULL),
(743, 11434, 'AMINUDDIN', NULL, 5, NULL),
(744, 11516, 'AMIRHAN', NULL, 5, NULL),
(745, 11801, 'AMIRUDDIN', NULL, 5, NULL),
(746, 12139, 'AMIRUDDIN', NULL, 5, NULL),
(747, 12314, 'ISMAIL ANDI HAMZAH', NULL, 5, NULL),
(748, 11611, 'ANDREAS', NULL, 5, NULL),
(749, 12306, 'RANTI ANDRIANI', NULL, 5, NULL),
(750, 11370, 'ANDRIANSYAH', NULL, 5, NULL),
(751, 12691, 'BAYU ANGGA KUSPRADANA', NULL, 5, NULL),
(752, 12603, 'BAYU ANGGARA M. NASIB', NULL, 5, NULL),
(753, 11833, 'ZULKIFLI ANSAR', NULL, 5, NULL),
(754, 11940, 'ANSAR', NULL, 5, NULL),
(755, 11812, 'ANTO', NULL, 5, NULL),
(756, 12066, 'PUJI ANTO', NULL, 5, NULL),
(757, 13138, 'WAKHID ANWAR', NULL, 5, NULL),
(758, 12981, 'RANDI APRIAGESTIRA', NULL, 5, NULL),
(759, 12377, 'M. DIAN APRIANTO', NULL, 5, NULL),
(760, 12547, 'ARDIANSYAH', NULL, 5, NULL),
(761, 12972, 'ARDIANSYAH', NULL, 5, NULL),
(762, 12835, 'EKO ARDIANTO', NULL, 5, NULL),
(763, 12188, 'ARFAN', NULL, 5, NULL),
(764, 11865, 'ARFIANDI', NULL, 5, NULL),
(765, 11927, 'IWAN ARI WAJYUDI', NULL, 5, NULL),
(766, 12355, 'BUDI ARIADI', NULL, 5, NULL),
(767, 10953, 'ARIANTO', NULL, 5, NULL),
(768, 11850, 'ARIFIN', NULL, 5, NULL),
(769, 12509, 'ARIFIN', NULL, 5, NULL),
(770, 12885, 'ARIFIN', NULL, 5, NULL),
(771, 12600, 'MAYRUDI ARISANDI', NULL, 5, NULL),
(772, 12977, 'NOVI ARISANDI', NULL, 5, NULL),
(773, 11328, 'AGUS ARIYANDA', NULL, 5, NULL),
(774, 10934, 'RUDI ARMANDA', NULL, 5, NULL),
(775, 12439, 'MUHAMMAD ARSYAD', NULL, 5, NULL),
(776, 11699, 'ASHAR', NULL, 5, NULL),
(777, 13034, 'ANDI ASHARI AHMAD', NULL, 5, NULL),
(778, 12001, 'ASPANDI', NULL, 5, NULL),
(779, 11463, 'ASPRIANTO', NULL, 5, NULL),
(780, 12051, 'UMI ASTRIANI', NULL, 5, NULL),
(781, 11795, 'AL AYUBI', NULL, 5, NULL),
(782, 13136, ' AHMAD BADAWI AJIWIJAYA', NULL, 5, NULL),
(783, 11925, 'HERMAN BAHAR', NULL, 5, NULL),
(784, 11717, 'BAHARUDDIN', NULL, 5, NULL),
(785, 11773, 'ABU BAKAR', NULL, 5, NULL),
(786, 12884, 'MOH BAKTI', NULL, 5, NULL),
(787, 12029, 'DIDI BASORI', NULL, 5, NULL),
(788, 12184, 'BASRI', NULL, 5, NULL),
(789, 11597, 'SUNGENG BIANTO', NULL, 5, NULL),
(790, 12069, 'BUDIANTO', NULL, 5, NULL),
(791, 12766, 'BUDIANTO', NULL, 5, NULL),
(792, 12870, 'JOKO BUDIONO', NULL, 5, NULL),
(793, 11454, 'BURHAN', NULL, 5, NULL),
(794, 11378, 'BOY CHRISTIAN', NULL, 5, NULL),
(795, 13106, 'ARMIN DAMA', NULL, 5, NULL),
(796, 11336, 'FRENLY DARMAWANTO', NULL, 5, NULL),
(797, 12141, 'SEM DAUD', NULL, 5, NULL),
(798, 13146, 'DAVID', NULL, 5, NULL),
(799, 13052, 'DEDI', NULL, 5, NULL),
(800, 11935, 'ARIS DIAN AGUS K', NULL, 5, NULL),
(801, 10815, 'SUTOTO DIHARTO', NULL, 5, NULL),
(802, 11337, 'DJULIANSYAH', NULL, 5, NULL),
(803, 11999, 'DOLY', NULL, 5, NULL),
(804, 12788, 'YUDHA DWI ARYANDHI', NULL, 5, NULL),
(805, 12105, 'CANDRA DWI BAWONO', NULL, 5, NULL),
(806, 11630, 'ANGGARA DWI CAHYO', NULL, 5, NULL),
(807, 11353, 'RESA DWI SAPTA', NULL, 5, NULL),
(808, 11411, 'RAHAYU EFENDI', NULL, 5, NULL),
(809, 12883, 'JAENAL EFENDI', NULL, 5, NULL),
(810, 11480, 'RAHMAN EFFENDI', NULL, 5, NULL),
(811, 13144, 'ADITYA EKA JULI WAHYU PUTRA', NULL, 5, NULL),
(812, 12648, 'FARIS EKA PRASETYO', 94, 5, ''),
(813, 12294, 'YULIUS ELO', NULL, 5, NULL),
(814, 11808, 'ENDANG', NULL, 5, NULL),
(815, 12577, 'ERWANDI', NULL, 5, NULL),
(816, 11705, 'ERWIN', NULL, 5, NULL),
(817, 11410, 'HAYDI FADILLAH', NULL, 5, NULL),
(818, 11457, 'AIDIL FADLI', NULL, 5, NULL),
(819, 12598, 'FADLIANSYAH', NULL, 5, NULL),
(820, 12113, 'FAHMAN', NULL, 5, NULL),
(821, 11796, 'FAHRIZAL', NULL, 5, NULL),
(822, 12108, 'ACHMAD FAHRIZAL', NULL, 5, NULL),
(823, 11468, 'MOH FAJRI', NULL, 5, NULL),
(824, 11598, 'D. DONAS FARZA', NULL, 5, NULL),
(825, 12553, 'NOVITA FATMA', NULL, 5, NULL),
(826, 11520, 'RONNY FERDIAN', NULL, 5, NULL),
(827, 12112, 'RONNY FERRY RUMAGIT', NULL, 5, NULL),
(828, 11733, 'ARI FIRSADA', NULL, 5, NULL),
(829, 12868, 'DWI FITRIYONO', NULL, 5, NULL),
(830, 11681, 'ABDUL GAFUR', NULL, 5, NULL),
(831, 12871, 'BUNTU GAYANG', NULL, 5, NULL),
(832, 11660, 'GABRIEL GOJANG PALABUAN', NULL, 5, NULL),
(833, 11702, 'SUPRIADI GULTOM', NULL, 5, NULL),
(834, 12052, 'EDI GUNAWAN', NULL, 5, NULL),
(835, 11526, 'ASRI H. RAHMAN', NULL, 5, NULL),
(836, 12082, 'ANDRI HABIBIASYAH', NULL, 5, NULL),
(837, 11339, 'ABDUL HAFID', NULL, 5, NULL),
(838, 11345, 'FAISAL HAFID', NULL, 5, NULL),
(839, 12828, 'HAKIM', NULL, 5, NULL),
(840, 11761, 'ABDUL HAMID', NULL, 5, NULL),
(841, 11489, 'HAMKA', NULL, 5, NULL),
(842, 11423, 'HAMZAH', NULL, 5, NULL),
(843, 11525, 'HAERIL HAMZAH', NULL, 5, NULL),
(844, 11807, 'HERI HANDAYANI', NULL, 5, NULL),
(845, 11380, 'HARIANTO', NULL, 5, NULL),
(846, 12380, 'BAMBANG HARIANTO', NULL, 5, NULL),
(847, 12000, 'HARIS', NULL, 5, NULL),
(848, 12075, 'HARIYADI', NULL, 5, NULL),
(849, 12631, 'REDY HARTANTO', NULL, 5, NULL),
(850, 12601, 'HARTOYO', NULL, 5, NULL),
(851, 11379, 'EKO HARYADI', NULL, 5, NULL),
(852, 12378, 'HARYONO', NULL, 5, NULL),
(853, 12973, 'HASANUDDIN', NULL, 5, NULL),
(854, 12858, 'RIZAL HASFIANI', NULL, 5, NULL),
(855, 11435, 'WAHYU HASFIANUR', NULL, 5, NULL),
(856, 12882, 'FERRY HASOLOAN SITOROS', NULL, 5, NULL),
(857, 12343, 'SYAHRIL HASUGIAN', NULL, 5, NULL),
(858, 11333, 'HARYONO HATLAM', NULL, 5, NULL),
(859, 12189, 'HEFNIE', NULL, 5, NULL),
(860, 11798, 'HENDRA', NULL, 5, NULL),
(861, 12776, 'SYAIFUL HENDRA', NULL, 5, NULL),
(862, 13115, 'HENDY', NULL, 5, NULL),
(863, 11543, 'HERIDANI', NULL, 5, NULL),
(864, 12070, 'HERIYANTO', NULL, 5, NULL),
(865, 12301, 'HERMANSYAH', NULL, 5, NULL),
(866, 11912, 'HERMAWAN', NULL, 5, NULL),
(867, 11852, 'RUDY HIDAYAT', NULL, 5, NULL),
(868, 12283, 'KHOIRUL HUDA', NULL, 5, NULL),
(869, 12841, 'GALIH HUTOMO', NULL, 5, NULL),
(870, 12353, 'IRFAN', NULL, 5, NULL),
(871, 12646, 'IRMAWATI', NULL, 5, NULL),
(872, 12185, 'IRWAN', NULL, 5, NULL),
(873, 11633, 'JOKO IRWANSYAH', NULL, 5, NULL),
(874, 11680, 'IRWANSYAH', NULL, 5, NULL),
(875, 12741, 'DEDI IRWANTO', NULL, 5, NULL),
(876, 12649, 'ISTIANTO', NULL, 5, NULL),
(877, 12423, 'BAMBANG ISWANTO', NULL, 5, NULL),
(878, 13077, 'BAYU ISWARA', NULL, 5, NULL),
(879, 20001, 'ANDI IWAN', NULL, 5, NULL),
(880, 13153, 'WAHYU IWAN SAKTI', NULL, 5, NULL),
(881, 11382, 'SAHAR J', NULL, 5, NULL),
(882, 13174, 'ALLAN J. BOLANG', 67, 5, ''),
(883, 12114, 'JAILANI', NULL, 5, NULL),
(884, 12358, 'JAMALUDIN', NULL, 5, NULL),
(885, 12079, 'VICKO JANARKO', NULL, 5, NULL),
(886, 11569, 'JASMIN', NULL, 5, NULL),
(887, 11314, 'BUDI JATMIKO', NULL, 5, NULL),
(888, 11942, 'JULIANSYAH', NULL, 5, NULL),
(889, 12071, 'JUMANSYAH', NULL, 5, NULL),
(890, 12532, 'JUMANSYAH', NULL, 5, NULL),
(891, 12424, 'JUMELI', NULL, 5, NULL),
(892, 11406, 'JUMHARYANTO', NULL, 5, NULL),
(893, 12261, 'JUNAEDI', NULL, 5, NULL),
(894, 12382, 'JUNAIDI', NULL, 5, NULL),
(895, 12076, 'AMAT JURIANSYAH', NULL, 5, NULL),
(896, 12867, 'JUWAIR', NULL, 5, NULL),
(897, 10680, 'KAFI', NULL, 5, NULL),
(898, 11511, 'KAHARUDDIN', NULL, 5, NULL),
(899, 12903, 'KALPIANUS KAMBUNO', NULL, 5, NULL),
(900, 11682, 'RUDI KARTOLO', NULL, 5, NULL),
(901, 13164, 'KASMIJAN', NULL, 5, NULL),
(902, 12740, 'KASRAN', NULL, 5, NULL),
(903, 11512, 'DONATUS KIA TAPON', NULL, 5, NULL),
(904, 12165, 'KRISTIAWAN', NULL, 5, NULL),
(905, 11347, 'KULIYANTO', NULL, 5, NULL),
(906, 12420, 'KURNIAWAN', NULL, 5, NULL),
(907, 11584, 'KUSNADI', NULL, 5, NULL),
(908, 12874, 'RENDY KUSUMA JATI', NULL, 5, NULL),
(909, 12621, 'JEFRI LAPU', NULL, 5, NULL),
(910, 12140, 'ROBYANTO LEMBANG', NULL, 5, NULL),
(911, 12865, 'WANDI LEMBANG', NULL, 5, NULL),
(912, 11664, 'SULAIMAN LI''LAK', NULL, 5, NULL),
(913, 11610, 'EDI LISDIANTO', NULL, 5, NULL),
(914, 12836, 'EKO LISTANTO', NULL, 5, NULL),
(915, 11985, 'LUGIANTORO', NULL, 5, NULL),
(916, 12316, 'M.,JUHRIADI', NULL, 5, NULL),
(917, 12739, 'M.AGUS', NULL, 5, NULL),
(918, 12330, 'M.YUSUF', NULL, 5, NULL),
(919, 12735, 'AHMAD MA''SUD', NULL, 5, NULL),
(920, 11929, 'AHMAS MA''SUM ABDUL JATIL', NULL, 5, NULL),
(921, 11559, 'AGUS MADI', NULL, 5, NULL),
(922, 12309, 'ANAS MAHMUDI', NULL, 5, NULL),
(923, 12477, 'MALIK', NULL, 5, NULL),
(924, 11809, 'SETIA MANGIRI', NULL, 5, NULL),
(925, 12014, 'MANSYUR', NULL, 5, NULL),
(926, 13092, 'MARIONO', NULL, 5, NULL),
(927, 12376, 'MARKEPAS', NULL, 5, NULL),
(928, 13104, 'RIZAL MARPAUNG', NULL, 5, NULL),
(929, 11444, 'DIAN MARTANDA', NULL, 5, NULL),
(930, 11690, 'DINAR MARUDUT SIMAMORA', NULL, 5, NULL),
(931, 12622, 'MARYANTOI', NULL, 5, NULL),
(932, 11448, 'ALIM MASKUR', NULL, 5, NULL),
(933, 11908, 'MASRIYANTO', NULL, 5, NULL),
(934, 11700, 'MASRUNI', NULL, 5, NULL),
(935, 11932, 'MUH. HOLEL MAULANA', NULL, 5, NULL),
(936, 12067, 'ALIF MAULANA', NULL, 5, NULL),
(937, 13156, 'ZIAMSYOR MEI RIGA', NULL, 5, NULL),
(938, 12830, 'ALFIAN MEIDIANOOR', NULL, 5, NULL),
(939, 13053, 'DAVID MIDUN S', NULL, 5, NULL),
(940, 12493, 'MIFTAHUDDIN', NULL, 5, NULL),
(941, 12304, 'YUSUF MISA', NULL, 5, NULL),
(942, 12875, 'MISBAH', NULL, 5, NULL),
(943, 12383, 'MISPAN', NULL, 5, NULL),
(944, 12145, 'MISRAN', NULL, 5, NULL),
(945, 12130, 'MUHAMMAD MUALIM', NULL, 5, NULL),
(946, 11189, 'MUFLIKUN', NULL, 5, NULL),
(947, 11626, 'MUHAJIR', NULL, 5, NULL),
(948, 12971, 'MUHAJIR', NULL, 5, NULL),
(949, 11479, 'MUHAMMAD', NULL, 5, NULL),
(950, 12925, 'MULYADI', NULL, 5, NULL),
(951, 11768, 'ADI MULYANTO', NULL, 5, NULL),
(952, 12494, 'ADI MULYONO', NULL, 5, NULL),
(953, 12876, 'AINUL MUNTOHA', NULL, 5, NULL),
(954, 13060, 'MUSAFIR', NULL, 5, NULL),
(955, 13069, 'MUSYAFIR', NULL, 5, NULL),
(956, 10538, 'VERRY N. OROH', NULL, 5, NULL),
(957, 13015, 'RIALIS NASRUL YAHADI', NULL, 5, NULL),
(958, 11535, 'NASRULLAH', NULL, 5, NULL),
(959, 12818, 'WAHYU NATA KUSUMA', NULL, 5, NULL),
(960, 12503, 'YOGA NUGROHO', NULL, 5, NULL),
(961, 11287, 'AGUNG NUGROHO ADI P', NULL, 5, NULL),
(962, 11939, 'SAYRIFUDIN NUR', NULL, 5, NULL),
(963, 12083, 'SOPIAN NUR DIANSYAH', NULL, 5, NULL),
(964, 12924, 'DODO NURBAHAGIA', NULL, 5, NULL),
(965, 11996, 'NUSRIANI', NULL, 5, NULL),
(966, 11399, 'DELWIN OSKANDAR', NULL, 5, NULL),
(967, 13173, 'MARDIANTO PABEBANG', NULL, 5, NULL),
(968, 12661, 'ALBERT PABIDANG', NULL, 5, NULL),
(969, 12866, 'HERI PADLI', NULL, 5, NULL),
(970, 12965, 'RONAL PAGULING', NULL, 5, NULL),
(971, 13134, 'WERNAS PALALLANG', NULL, 5, NULL),
(972, 11784, 'SUYANTI PALIMBUNG', NULL, 5, NULL),
(973, 12848, 'YUNUS PALONDONG', NULL, 5, NULL),
(974, 12303, 'ANSELMUS PAMIRRING', NULL, 5, NULL),
(975, 12285, 'JHONI PANDIANGAN', NULL, 5, NULL),
(976, 12210, 'WANTEN PANGARIBUAN', NULL, 5, NULL),
(977, 12056, 'JULIANI PAPUTUNGAN', NULL, 5, NULL),
(978, 11481, 'SAMUEL PASONGLI', NULL, 5, NULL),
(979, 12331, 'TRIANTO PATA''DUNGAN', NULL, 5, NULL),
(980, 11587, 'DANIEL PATTO', NULL, 5, NULL),
(981, 12983, 'PAULUS', NULL, 5, NULL),
(982, 12334, 'JONI PEMBUNAN', NULL, 5, NULL),
(983, 12375, 'PETRUS', NULL, 5, NULL),
(984, 12106, 'ANDARAS PONGTASIK', NULL, 5, NULL),
(985, 11997, 'PRABAWA', NULL, 5, NULL),
(986, 11557, 'PANJI PRANOMO', NULL, 5, NULL),
(987, 11926, 'EKO PRASETIO', NULL, 5, NULL),
(988, 13148, 'HENDRI PRASETYO', NULL, 5, NULL),
(989, 11632, 'DIMAS PRAYUGO', NULL, 5, NULL),
(990, 11445, 'BAGUS PRIAMBUDI', NULL, 5, NULL),
(991, 13055, 'DJOKO PRIJANTO', NULL, 5, NULL),
(992, 12237, 'RAGIL PRIYO UTOMO', NULL, 5, NULL),
(993, 12277, 'PUDJIONO', NULL, 5, NULL),
(994, 13051, 'EKO PUJI SETIAWAN', NULL, 5, NULL),
(995, 12187, 'EKO PUJIANTO', NULL, 5, NULL),
(996, 12078, 'PUJIYANTO', NULL, 5, NULL),
(997, 13091, 'ADI PURNAIRAWAN', NULL, 5, NULL),
(998, 10304, 'JAKA PURNAMA', NULL, 5, NULL),
(999, 13009, 'HARSA PURNAMA', NULL, 5, NULL),
(1000, 12181, 'BAYU PURNOMO', NULL, 5, NULL),
(1001, 12132, 'RITA PURWANTI', NULL, 5, NULL),
(1002, 11628, 'PURWANTO', NULL, 5, NULL),
(1003, 11930, 'PURWANTO', NULL, 5, NULL),
(1004, 12422, 'EKO PURWANTO', NULL, 5, NULL),
(1005, 12042, 'REZTYA PUTRI PRASAYU', NULL, 5, NULL),
(1006, 11636, 'RAHMADI R', NULL, 5, NULL),
(1007, 11919, 'TATAK RAHARJO', NULL, 5, NULL),
(1008, 11523, 'RAHMAD', NULL, 5, NULL),
(1009, 11570, 'IRFAN RAHMAN', NULL, 5, NULL),
(1010, 12385, 'DEDE RAHMAN', NULL, 5, NULL),
(1011, 12599, 'M. RAHMAN', NULL, 5, NULL),
(1012, 11659, 'ZULFI RAMADANI', NULL, 5, NULL),
(1013, 11873, 'AGUS RAMADHAN', NULL, 5, NULL),
(1014, 12002, 'RAMADHANI', NULL, 5, NULL),
(1015, 12982, 'RINO RAMADIANTO', NULL, 5, NULL),
(1016, 12109, 'BARTHO RANDE', NULL, 5, NULL),
(1017, 13086, 'AGUSTINUS RANGAN', NULL, 5, NULL),
(1018, 13089, 'RAPIANTO', NULL, 5, NULL),
(1019, 12356, 'RASMAN', NULL, 5, NULL),
(1020, 12440, 'ABDUL RAUF', NULL, 5, NULL),
(1021, 12583, 'ANDRIAN RENATA', 3, 1, 'andrian.renata@arka.co.id'),
(1022, 10301, 'MOCHAMMAD RENDRA S', NULL, 5, NULL),
(1023, 11542, 'DWI RESTU AGUNG', NULL, 5, NULL),
(1024, 11615, 'AMINUDIN REZA', NULL, 5, NULL),
(1025, 11383, 'SELAMAT RIADI', NULL, 5, NULL),
(1026, 11556, 'RICO', NULL, 5, NULL),
(1027, 11623, 'RIDUANSYAH', NULL, 5, NULL),
(1028, 12877, 'RIDUANSYAH', NULL, 5, NULL),
(1029, 12606, 'CHAIDIL RIDWAN', NULL, 5, NULL),
(1030, 11447, 'MUHAMMAD RIFA''I', NULL, 5, NULL),
(1031, 12183, 'ANDRIAN RIFANI', NULL, 5, NULL),
(1032, 12834, 'ICUK RIYADI', NULL, 5, NULL),
(1033, 12840, 'AGUS RIYADI', NULL, 5, NULL),
(1034, 12869, 'AHMAD RIZAL FIKI ZULIANTO', NULL, 5, NULL),
(1035, 12785, 'DEWI ROIHATUL ISMA', NULL, 5, NULL),
(1036, 11683, 'ROMANSYAH', NULL, 5, NULL),
(1037, 12192, 'RONI', NULL, 5, NULL),
(1038, 12447, 'THEODURUS ROWA', NULL, 5, NULL),
(1039, 11415, 'RUSDIANSYAH', NULL, 5, NULL),
(1040, 12425, 'RUSIDI', NULL, 5, NULL),
(1041, 12502, 'RUSLIANSYAH', NULL, 5, NULL),
(1042, 11528, 'RUSMANIONO', NULL, 5, NULL),
(1043, 12765, 'RUSMIAJI', NULL, 5, NULL),
(1044, 11745, 'RUSTAM', NULL, 5, NULL),
(1045, 11983, 'RUSTAM', NULL, 5, NULL),
(1046, 12969, 'RUSTAM', NULL, 5, NULL),
(1047, 11538, 'SYAHRUN S', NULL, 5, NULL),
(1048, 12298, 'SABARTO', NULL, 5, NULL),
(1049, 11631, 'SADRIANUR', NULL, 5, NULL),
(1050, 10542, 'SAFAR', NULL, 5, NULL),
(1051, 11522, 'MUHAMMAD SAFI''I', NULL, 5, NULL),
(1052, 11438, 'ASOY SAGARA', NULL, 5, NULL),
(1053, 11666, 'SAHABUDDIN', NULL, 5, NULL),
(1054, 12692, 'HERI SAKTIVIANUS SANDE PASOLON', NULL, 5, NULL),
(1055, 12032, 'ABDUL SALAM', NULL, 5, NULL),
(1056, 13070, 'NUR SALAM', NULL, 5, NULL),
(1057, 11346, 'RONY SALEH', NULL, 5, NULL),
(1058, 11780, 'MUHAMMAD SALEH', NULL, 5, NULL),
(1059, 12068, 'SAID SALEH AL IDRUS', NULL, 5, NULL),
(1060, 11934, 'SALIM', NULL, 5, NULL),
(1061, 11409, 'SAMSUL', NULL, 5, NULL),
(1062, 12352, 'SULAIMAN SANI', NULL, 5, NULL),
(1063, 13137, 'HASRUL SANI', NULL, 5, NULL),
(1064, 12581, 'PITER SANTO', NULL, 5, NULL),
(1065, 12886, 'BUDI SANTOSO', NULL, 5, NULL),
(1066, 13149, 'MUHAMMAD SANTOSO', NULL, 5, NULL),
(1067, 12775, 'PITHER SAPAN', NULL, 5, NULL),
(1068, 12920, 'IWAN SAPRIANTO', NULL, 5, NULL),
(1069, 11527, 'DEDI SAPUTRA', NULL, 5, NULL),
(1070, 11567, 'TONI SAPUTRA', NULL, 5, NULL),
(1071, 11797, 'M. WAHYU SAPUTRA', NULL, 5, NULL),
(1072, 12072, 'M. MAULANA SAPUTRA', NULL, 5, NULL),
(1073, 12597, 'ADES SAPUTRA', NULL, 5, NULL),
(1074, 11390, 'SARFIN', NULL, 5, NULL),
(1075, 11540, 'SARWONO', NULL, 5, NULL),
(1076, 12081, 'SATRIA', NULL, 5, NULL),
(1077, 11634, 'SELAMET', NULL, 5, NULL),
(1078, 11491, 'DANIEL SEMI MINTIN', NULL, 5, NULL),
(1079, 12923, 'INDRA SETIAWAN', NULL, 5, NULL),
(1080, 13147, 'EDI SETIAWAN', NULL, 5, NULL),
(1081, 13154, 'WIWIT SETIAWAN', NULL, 5, NULL),
(1082, 11312, 'SETIONO', NULL, 5, NULL),
(1083, 11679, 'EKO SETYAWAN', NULL, 5, NULL),
(1084, 12027, 'DANY SETYAWAN', NULL, 5, NULL),
(1085, 12327, 'JANES SIAGIAN', NULL, 5, NULL),
(1086, 13090, 'FETRIANTO SIHALOHO', NULL, 5, NULL),
(1087, 12144, 'FERNANDO SINAGA', NULL, 5, NULL),
(1088, 12058, 'JERSON SIRINGO RINGO', NULL, 5, NULL),
(1089, 11350, 'SISYANTO', NULL, 5, NULL),
(1090, 13076, 'SOFIYAN', NULL, 5, NULL),
(1091, 12604, 'EFENDI STENLI WONGKAR', NULL, 5, NULL),
(1092, 12843, 'BAGAS STYANTO', NULL, 5, NULL),
(1093, 11635, 'SUBAHYU', NULL, 5, NULL),
(1094, 11707, 'AGUS SUBAKTI', NULL, 5, NULL),
(1095, 11477, 'AHMAD SUBHAN', NULL, 5, NULL),
(1096, 12073, 'SUBHAN', NULL, 5, NULL),
(1097, 13150, 'MUHAMMAD SUBHAN ASROFI', NULL, 5, NULL),
(1098, 11492, 'SUCIONO', NULL, 5, NULL),
(1099, 12381, 'SUDARSONO', NULL, 5, NULL),
(1100, 11473, 'SUDARYANTO', NULL, 5, NULL),
(1101, 11568, 'SUDARYANTO', NULL, 5, NULL),
(1102, 13059, 'IMAM SUDIBYO', NULL, 5, NULL),
(1103, 11541, 'SUDIRMAN', NULL, 5, NULL),
(1104, 11625, 'SUDIRMAN', NULL, 5, NULL),
(1105, 12129, 'TEGUH SUDIYONO', NULL, 5, NULL),
(1106, 11513, 'ROBBY SUGARA', NULL, 5, NULL),
(1107, 12065, 'SUGIARTO', NULL, 5, NULL),
(1108, 11943, 'SUGIMIN', NULL, 5, NULL),
(1109, 11803, 'SUGIONO', NULL, 5, NULL),
(1110, 12955, 'SUGIONO', NULL, 5, NULL),
(1111, 12847, 'SUGITNO', NULL, 5, NULL),
(1112, 11599, 'SUHAMIT', NULL, 5, NULL),
(1113, 11518, 'SUHARIYONO', NULL, 5, NULL),
(1114, 11392, 'SUHARNO', NULL, 5, NULL),
(1115, 11139, 'SUHARSONO', NULL, 5, NULL),
(1116, 12605, 'SUJARTO', NULL, 5, NULL),
(1117, 11596, 'SUJUD', NULL, 5, NULL),
(1118, 11662, 'SUKAMDI', NULL, 5, NULL),
(1119, 11835, 'SUKARMAN', NULL, 5, NULL),
(1120, 12359, 'SUKARMAN', NULL, 5, NULL),
(1121, 12182, 'SUKASNO', NULL, 5, NULL),
(1122, 12915, 'SUKOCO', NULL, 5, NULL),
(1123, 11590, 'SULAIMAN', NULL, 5, NULL),
(1124, 11602, 'SULAIMAN', NULL, 5, NULL),
(1125, 11743, 'SULKIFLI', NULL, 5, NULL),
(1126, 11461, 'SUMANTO', NULL, 5, NULL),
(1127, 11719, 'SUNARDI', NULL, 5, NULL),
(1128, 11779, 'SUNARTO', NULL, 5, NULL),
(1129, 13007, 'SUNARYO', NULL, 5, NULL),
(1130, 11425, 'ASRI SUNGGU', NULL, 5, NULL),
(1131, 11909, 'AKIS SUNGGU', NULL, 5, NULL),
(1132, 11769, 'SUPARDI', NULL, 5, NULL),
(1133, 11436, 'SUPARMIN', NULL, 5, NULL),
(1134, 12970, 'EKO SUPENO', NULL, 5, NULL),
(1135, 12426, 'SUPIAN', NULL, 5, NULL),
(1136, 12342, 'MUHAMMAD SUPIANNOR', NULL, 5, NULL),
(1137, 11802, 'SUPIANSYAH', NULL, 5, NULL),
(1138, 12927, 'SUPRAPTO', NULL, 5, NULL),
(1139, 13152, 'SUPRAPTO', NULL, 5, NULL),
(1140, 11474, 'SUPRAYITNO', NULL, 5, NULL),
(1141, 13145, 'DANANG SUPRAYOGI', NULL, 5, NULL),
(1142, 11713, 'SUPRIADI', NULL, 5, NULL),
(1143, 12074, 'SUPRIADI', NULL, 5, NULL),
(1144, 11607, 'ERIS SUPRIATNA', NULL, 5, NULL),
(1145, 12054, 'ENDANG SUPRIATNA', NULL, 5, NULL),
(1146, 12936, 'DIDIK SUPRIYADI', NULL, 5, NULL),
(1147, 10673, 'BUKIT SUPRIYANTO', NULL, 5, NULL),
(1148, 12430, 'SURANTO', NULL, 5, NULL),
(1149, 13008, 'HADI SURIANSYAH', NULL, 5, NULL),
(1150, 12773, 'SURIANTO', NULL, 5, NULL),
(1151, 11580, 'SUSANTO', NULL, 5, NULL),
(1152, 12379, 'SUSANTO', NULL, 5, NULL),
(1153, 12504, 'ANDI SUSANTO', NULL, 5, NULL),
(1154, 11529, 'BUDI SUSILO', NULL, 5, NULL),
(1155, 12107, 'ANDIK SUSILO', NULL, 5, NULL),
(1156, 11384, 'SUYADI', NULL, 5, NULL),
(1157, 11741, 'SUYANTO', NULL, 5, NULL),
(1158, 11661, 'SYAHDIN', NULL, 5, NULL),
(1159, 11437, 'SYAHRAN', NULL, 5, NULL),
(1160, 11851, 'SYAHRANI', NULL, 5, NULL),
(1161, 12534, 'SYAIFUDIN', NULL, 5, NULL),
(1162, 11519, 'SYAPRUDIN', NULL, 5, NULL),
(1163, 11893, 'SYARIFUDDIN', NULL, 5, NULL),
(1164, 11368, 'SYUFIANSYAH', NULL, 5, NULL),
(1165, 11426, 'TAHIR', NULL, 5, NULL),
(1166, 12827, 'RINTO TAMBUNAN', NULL, 5, NULL),
(1167, 12837, 'JERVIS TANDI DATU SIHMBING', NULL, 5, NULL),
(1168, 11756, 'TITUS TANDI KENDEK', NULL, 5, NULL),
(1169, 12262, 'DONALD TANDI SAU', NULL, 5, NULL),
(1170, 11878, 'TARMIZI', NULL, 5, NULL),
(1171, 11834, 'TARSONO', NULL, 5, NULL),
(1172, 12742, 'M. TAUFIK RAHMAN', NULL, 5, NULL),
(1173, 11868, 'MUHAMMAD TAUFIQ', NULL, 5, NULL),
(1174, 13081, 'TEDDY', NULL, 5, NULL),
(1175, 11430, 'JAFET TICOALU', NULL, 5, NULL),
(1176, 12180, 'PERDIANUS TOBUNGA', NULL, 5, NULL),
(1177, 12281, 'ANTON TOMASOLA', NULL, 5, NULL),
(1178, 12993, 'MARTINUS TOSULI', NULL, 5, NULL),
(1179, 11486, 'ADI TRI WIBOWO', NULL, 5, NULL),
(1180, 12505, 'AGUS TRIAN CAHYADI', NULL, 5, NULL),
(1181, 11805, 'TEDY TRY BUDIMAN', NULL, 5, NULL);
INSERT INTO `karyawan` (`id_karyawan`, `nik`, `nama`, `id_jabatan`, `id_project`, `email`) VALUES
(1182, 11696, 'USMAN', NULL, 5, NULL),
(1183, 11855, 'ASTRI UTAMI', NULL, 5, NULL),
(1184, 12774, 'RONAL UTE''PALOBO''', NULL, 5, NULL),
(1185, 11432, 'SARTO UTOMO', NULL, 5, NULL),
(1186, 11429, 'ADITYA VEMBRIARTO', NULL, 5, NULL),
(1187, 12555, 'EVA VIDIYA AISYAH', NULL, 5, NULL),
(1188, 12844, 'EKO WAHYU SETIAWAN', NULL, 5, NULL),
(1189, 11367, 'WAHYUDI', NULL, 5, NULL),
(1190, 11592, 'HENDRA WAHYUDI', NULL, 5, NULL),
(1191, 12297, 'AGUS WAHYUDI', NULL, 5, NULL),
(1192, 12584, 'WALUYO', NULL, 5, NULL),
(1193, 12533, 'M. WISNU WARDANA', NULL, 5, NULL),
(1194, 11055, 'LUTFI WARDHANA', NULL, 5, NULL),
(1195, 13135, 'SONI WIBOWO', NULL, 5, NULL),
(1196, 12987, 'DANANG WIBOWO SUGIARTO', NULL, 5, NULL),
(1197, 11771, 'RIKA WIDIA SUSANTI', NULL, 5, NULL),
(1198, 12344, 'ADI WIDIARTO', NULL, 5, NULL),
(1199, 12421, 'WIDIYANTO', NULL, 5, NULL),
(1200, 10656, 'HENDRA WIJAYA', 109, 5, ''),
(1201, 11571, 'CANDRA WINARKO', NULL, 5, NULL),
(1202, 11067, 'YAHUDI', NULL, 5, NULL),
(1203, 12384, 'LUTVI YAHYA SETIAWAN', NULL, 5, NULL),
(1204, 12926, 'MUHAMMAD YAMIN', NULL, 5, NULL),
(1205, 12789, 'AHMAD YANI', NULL, 5, NULL),
(1206, 11859, 'DWI YANURI', NULL, 5, NULL),
(1207, 13031, 'GUNTUR YOGA PRASETYO A', NULL, 5, NULL),
(1208, 11621, 'JHONLY YOHAN SOPUTAN', NULL, 5, NULL),
(1209, 11464, 'FERRY YUDIANTO', NULL, 5, NULL),
(1210, 12820, 'ANGGREINI YULIANA SONDAKH', NULL, 5, NULL),
(1211, 12007, 'LOKSAN Z. M.', NULL, 5, NULL),
(1212, 12650, 'NOVEN ZAIBAIDI', NULL, 5, NULL),
(1213, 13155, 'ZAYNUROCHMAN', NULL, 5, NULL),
(1214, 11366, 'ZURAIDIN', NULL, 5, NULL),
(1215, 13127, 'ACHMAD', NULL, 7, NULL),
(1216, 12945, 'PANJI ADI PUTRA', NULL, 7, NULL),
(1217, 11097, 'DWI AGUNG ZULKARNAEN', NULL, 7, NULL),
(1218, 13139, 'ALANG AJANG', NULL, 7, NULL),
(1219, 12811, 'WENDAR AJI KURNIAWAN', NULL, 7, NULL),
(1220, 12947, 'AFANDA ALAN EDWARD', NULL, 7, NULL),
(1221, 13033, 'AMIRULLAH', NULL, 7, NULL),
(1222, 11685, 'GALUH ANDIKA', NULL, 7, NULL),
(1223, 12567, 'RIAN ANDIKO PUTRO', NULL, 7, NULL),
(1224, 12912, 'AGUSTHINUS ANDREAS', NULL, 7, NULL),
(1225, 12980, 'RINA ANJANI', NULL, 7, NULL),
(1226, 12374, 'WAHYU ANSYAR', NULL, 7, NULL),
(1227, 13124, 'QOIRUL ANWAR', NULL, 7, NULL),
(1228, 13113, 'MAGDALENA ARAN', NULL, 7, NULL),
(1229, 10726, 'JANUAR ARIE WARDHANA', 55, 7, ''),
(1230, 12685, 'MUHAMMAD ARIF TRIYANTO', NULL, 7, NULL),
(1231, 12964, 'SYAMSUL ARIFIN', NULL, 7, NULL),
(1232, 12921, 'JAENAL ARIPIN', NULL, 7, NULL),
(1233, 12845, 'ARIYANTO', NULL, 7, NULL),
(1234, 12846, 'IGUH ARTONO', NULL, 7, NULL),
(1235, 13029, 'DODI ARUNG LANGI', NULL, 7, NULL),
(1236, 13006, 'BRIGITTA ASTUT WASANTI PUTRI', NULL, 7, NULL),
(1237, 11732, 'SAIFUL BAHRI', NULL, 7, NULL),
(1238, 12446, 'DARMA BAKTI SIMAMORA', NULL, 7, NULL),
(1239, 13062, 'BAMBANG', NULL, 7, NULL),
(1240, 12715, 'SYARIFUDIN BASRI SYAM', NULL, 7, NULL),
(1241, 12962, 'FARID BASUKI', NULL, 7, NULL),
(1242, 12778, 'YAKOBUS BIDANG', NULL, 7, NULL),
(1243, 12750, 'INCAU BILUNG', NULL, 7, NULL),
(1244, 13128, 'RIZKY BONDAN SARITOGA PUTRA', NULL, 7, NULL),
(1245, 12568, 'HERU BUDI PURWANTO', NULL, 7, NULL),
(1246, 11712, 'EKO BUDIANTO', NULL, 7, NULL),
(1247, 12793, 'RACHMAD BUDIARTO', NULL, 7, NULL),
(1248, 13035, 'PAWAN BUTTUTASIK', NULL, 7, NULL),
(1249, 11687, 'RADIUS CAHYADI', NULL, 7, NULL),
(1250, 13044, 'EKO CAHYONO', NULL, 7, NULL),
(1251, 12823, 'YUDIANSYAH DA FLORES', NULL, 7, NULL),
(1252, 12710, 'EDY DANEL', NULL, 7, NULL),
(1253, 12864, 'JALUNG DANGAU', NULL, 7, NULL),
(1254, 13114, 'JUANI DANIEL', NULL, 7, NULL),
(1255, 13036, 'DARMAJI', NULL, 7, NULL),
(1256, 11728, 'FAZERIN DARMAWAN', NULL, 7, NULL),
(1257, 12798, 'DEDDY DARMAWAN', NULL, 7, NULL),
(1258, 12680, 'DAYAT', NULL, 7, NULL),
(1259, 12975, 'AWING DUNGAU', NULL, 7, NULL),
(1260, 12942, 'YULIANTO DWI NUGROHO', NULL, 7, NULL),
(1261, 11185, 'NUNUNG DWI PRASETYO', NULL, 7, NULL),
(1262, 13101, 'RINGGO DWI SEPPUTRO', NULL, 7, NULL),
(1263, 12872, 'HARIANTO ERIC PAMANGIN', NULL, 7, NULL),
(1264, 12906, 'EVHALDI', NULL, 7, NULL),
(1265, 12856, 'FADLI', NULL, 7, NULL),
(1266, 12450, 'REZA FAHLEVI HIDAYAT', NULL, 7, NULL),
(1267, 12948, 'AHMAD FAHRUDIN LATIF', NULL, 7, NULL),
(1268, 11734, 'ACHMAD FAONIZAN', NULL, 7, NULL),
(1269, 12690, 'ANDRIANA FENDI DWI PUTRA', NULL, 7, NULL),
(1270, 12771, 'FERIADI', NULL, 7, NULL),
(1271, 12905, 'DESEM FIRMANSYAH', NULL, 7, NULL),
(1272, 12718, 'FRENGKI', NULL, 7, NULL),
(1273, 10188, 'HAIYONO', NULL, 7, NULL),
(1274, 12779, 'RIKA HARDIAWAN', NULL, 7, NULL),
(1275, 13075, 'YUSUF HARTAKA', NULL, 7, NULL),
(1276, 10380, 'HARTONO', NULL, 7, NULL),
(1277, 12681, 'BAMBANG HARYONO', NULL, 7, NULL),
(1278, 11858, 'HEINCE', NULL, 7, NULL),
(1279, 12810, 'TAUFIK HIDAYAT', NULL, 7, NULL),
(1280, 13123, 'FAJAR HIDAYAT', NULL, 7, NULL),
(1281, 12393, 'CHANIGIA IBRAHIM', NULL, 7, NULL),
(1282, 13117, 'DARWIN IFUNG', NULL, 7, NULL),
(1283, 11645, 'M IHSAN', NULL, 7, NULL),
(1284, 12787, 'ASEP IKHSAN SUJAKA', NULL, 7, NULL),
(1285, 13140, 'IBUNG INCAU', NULL, 7, NULL),
(1286, 12806, 'IRWANTO IRWANTO', NULL, 7, NULL),
(1287, 10638, 'ISMALI', NULL, 7, NULL),
(1288, 12901, 'JAHIDIN', NULL, 7, NULL),
(1289, 13030, 'JEMMI', NULL, 7, NULL),
(1290, 12907, 'JOHAN', NULL, 7, NULL),
(1291, 10200, 'JOHANSYAH', NULL, 7, NULL),
(1292, 10829, 'KAHIL', NULL, 7, NULL),
(1293, 10857, 'YOPI KRISTIANTO', NULL, 7, NULL),
(1294, 11016, 'YERUS KRISWITANTO', NULL, 7, NULL),
(1295, 12941, 'FAISAL KURNIAWAN', NULL, 7, NULL),
(1296, 13088, 'YOHANIS LALONG', NULL, 7, NULL),
(1297, 12670, 'FENIKA LESMANA PUTRA', NULL, 7, NULL),
(1298, 12914, 'MARTHINUS LIAH', NULL, 7, NULL),
(1299, 13023, 'ACING LONGU', NULL, 7, NULL),
(1300, 13063, 'MARIO LOVER SEKO', NULL, 7, NULL),
(1301, 12786, 'ENJANG LUKMAN NURYADIN', NULL, 7, NULL),
(1302, 12711, 'LUSER', NULL, 7, NULL),
(1303, 12751, 'ASWIN M', NULL, 7, NULL),
(1304, 12714, 'YOSEP MAGI', NULL, 7, NULL),
(1305, 12804, 'ABDUL MAJID LUTFI', NULL, 7, NULL),
(1306, 11547, 'MUHAMMAD MALIK', NULL, 7, NULL),
(1307, 13061, 'SIMON MARANG U', NULL, 7, NULL),
(1308, 12881, 'RICHARD MARKUS', NULL, 7, NULL),
(1309, 12913, 'MARTEN', NULL, 7, NULL),
(1310, 13040, 'MARTINUS', NULL, 7, NULL),
(1311, 12800, 'MARWANTO', NULL, 7, NULL),
(1312, 12767, 'TOPAN MAULANA', NULL, 7, NULL),
(1313, 13120, 'AMRI MELANTON SIMANULLANG', NULL, 7, NULL),
(1314, 12933, 'KASIRINUS MERE', NULL, 7, NULL),
(1315, 11116, 'MESIDI', NULL, 7, NULL),
(1316, 13026, 'RAENALDI MEUDI KUSUMA', NULL, 7, NULL),
(1317, 12961, 'MILUWATI', NULL, 7, NULL),
(1318, 12960, 'MISINI', NULL, 7, NULL),
(1319, 11849, 'MISWAN', NULL, 7, NULL),
(1320, 12887, 'ANDI MUHAMMAD', NULL, 7, NULL),
(1321, 13112, 'MUHTAROM', NULL, 7, NULL),
(1322, 12976, 'MULANG', NULL, 7, NULL),
(1323, 13041, 'MUHAMMAD MURIANSYAH', NULL, 7, NULL),
(1324, 12441, 'RODI MUSTOPA', NULL, 7, NULL),
(1325, 12963, 'CHOIRUL MUTTAQIN', NULL, 7, NULL),
(1326, 12790, 'DWI NOPRIANTO', NULL, 7, NULL),
(1327, 12862, 'NOVEL', NULL, 7, NULL),
(1328, 12782, 'RIHMA NUR AFIFAH', NULL, 7, NULL),
(1329, 12946, 'SEPTIAN NUR RAHMAT', NULL, 7, NULL),
(1330, 12684, 'PARIADI', NULL, 7, NULL),
(1331, 12753, 'DARIUS PIYU', NULL, 7, NULL),
(1332, 12413, 'TRI PRASTOWO', NULL, 7, NULL),
(1333, 12799, 'GUNTUR PRAYITNO', NULL, 7, NULL),
(1334, 12694, 'AGUS PRIWAHONO', NULL, 7, NULL),
(1335, 13079, 'PUJO', NULL, 7, NULL),
(1336, 12909, 'PURWANTO', NULL, 7, NULL),
(1337, 12825, 'SUTIYO RAHARJO', NULL, 7, NULL),
(1338, 12937, 'DEDI RAWANTO', NULL, 7, NULL),
(1339, 12797, 'ARIF RIWALNU', NULL, 7, NULL),
(1340, 12791, 'FAHRUL RIZAL', NULL, 7, NULL),
(1341, 12808, 'M RIZAL HARIS', NULL, 7, NULL),
(1342, 13043, 'MIFTAHUL RIZKI', NULL, 7, NULL),
(1343, 12717, 'ANDRIAN RIZKY AULIA', NULL, 7, NULL),
(1344, 12678, 'ASEP ROBBY WAHIDIN', NULL, 7, NULL),
(1345, 12944, 'ALIM ROHADI', NULL, 7, NULL),
(1346, 11208, 'NUR ROHMAN', NULL, 7, NULL),
(1347, 13111, 'ISAL RONI RAMME', NULL, 7, NULL),
(1348, 11619, 'M ROPIK', NULL, 7, NULL),
(1349, 12803, 'DEDE ROSADI', NULL, 7, NULL),
(1350, 12979, 'RUBIANTO', NULL, 7, NULL),
(1351, 12792, 'HARIS RUDIANTO', NULL, 7, NULL),
(1352, 13074, 'NANANG RUDIHARTO', 94, 7, ''),
(1353, 11227, 'RUSDI', NULL, 7, NULL),
(1354, 11005, 'RUSMADI', NULL, 7, NULL),
(1355, 13028, 'MUHAMMAD SABUR', NULL, 7, NULL),
(1356, 12893, 'AEF SAEFUDIN', NULL, 7, NULL),
(1357, 12429, 'SALIM', NULL, 7, NULL),
(1358, 12365, 'YOSI SAMATHA', NULL, 7, NULL),
(1359, 10890, 'SAMIN', NULL, 7, NULL),
(1360, 12863, 'HERMAN SAMPE LIMBONG', NULL, 7, NULL),
(1361, 12668, 'NASIB SANUSI', NULL, 7, NULL),
(1362, 12989, 'HENDRA SAPUTRA', NULL, 7, NULL),
(1363, 13097, 'NURBAYA SASTRI W', NULL, 7, NULL),
(1364, 13037, 'SIMON SATTU', NULL, 7, NULL),
(1365, 12781, 'SEMION', NULL, 7, NULL),
(1366, 10580, 'IWAN SETIAWAN', 107, 7, ''),
(1367, 12708, 'HARIS SETIAWAN', NULL, 7, NULL),
(1368, 11321, 'AGUS SETIAWAN', NULL, 7, NULL),
(1369, 12807, 'HERI SISMANTO', NULL, 7, NULL),
(1370, 13016, 'RAYMOND STEPHEN', NULL, 7, NULL),
(1371, 11210, 'STEVEN', NULL, 7, NULL),
(1372, 11060, 'SUBANDI', NULL, 7, NULL),
(1373, 12722, 'SUDIRMAN', NULL, 7, NULL),
(1374, 12794, 'SUHANDY', NULL, 7, NULL),
(1375, 12667, 'SUHARMIN', 68, 7, 'suharmin@arka.co.id'),
(1376, 12958, 'SUKARTI', NULL, 7, NULL),
(1377, 11209, 'NURMA SUKMA CK', NULL, 7, NULL),
(1378, 12729, 'DADI SUKMAYADI', NULL, 7, NULL),
(1379, 11748, 'SUMARNO', NULL, 7, NULL),
(1380, 12746, 'MIKE SUPRIANTO', NULL, 7, NULL),
(1381, 13110, 'SUPRIYANTO', NULL, 7, NULL),
(1382, 13126, 'HERI SUPRIYANTO', NULL, 7, NULL),
(1383, 11059, 'SURADI', NULL, 7, NULL),
(1384, 13098, 'MAINI SUSANTI', NULL, 7, NULL),
(1385, 11170, 'SUTARMAN', NULL, 7, NULL),
(1386, 12674, 'ZET SUTOMO', NULL, 7, NULL),
(1387, 11132, 'SUWANTO', NULL, 7, NULL),
(1388, 10632, 'SUWOTO', NULL, 7, NULL),
(1389, 12959, 'UMAYATUL SYAMSIYAH', NULL, 7, NULL),
(1390, 10421, 'ANDI SYARIFUDDIN', NULL, 7, NULL),
(1391, 12784, 'HENDRIK TANDI SUGI', NULL, 7, NULL),
(1392, 11791, 'MARKUS TIBE', NULL, 7, NULL),
(1393, 10918, 'ARIF TRI ADHARI', NULL, 7, NULL),
(1394, 13125, 'JEFRI TUA SILABAN', NULL, 7, NULL),
(1395, 12904, 'STEPEN TULAK', NULL, 7, NULL),
(1396, 12752, 'ANDARIAS UBANG', NULL, 7, NULL),
(1397, 10813, 'USMANTO', NULL, 7, NULL),
(1398, 10916, 'ZAINURI WAHID', NULL, 7, NULL),
(1399, 12943, 'FAISAL WAHYU', NULL, 7, NULL),
(1400, 12015, 'ARFAN WAHYU SISWANTO', NULL, 7, NULL),
(1401, 13122, 'WAHYUDIN', NULL, 7, NULL),
(1402, 11211, 'WARSITO', NULL, 7, NULL),
(1403, 13087, 'WELLY', NULL, 7, NULL),
(1404, 13067, 'ESTON WESLEY', NULL, 7, NULL),
(1405, 12795, 'TABAH WIDADI', NULL, 7, NULL),
(1406, 12676, 'WIDARTO', NULL, 7, NULL),
(1407, 12801, 'ADHE WIDJAJA WIBISANA', NULL, 7, NULL),
(1408, 12802, 'CATUR WIRATNO', NULL, 7, NULL),
(1409, 10649, 'WITO', NULL, 7, NULL),
(1410, 12940, 'M YADDY', NULL, 7, NULL),
(1411, 12938, 'M YAMIN', NULL, 7, NULL),
(1412, 11258, 'WAHYU YUNIANTO', NULL, 7, NULL),
(1413, 13099, 'YUSRAN', NULL, 7, NULL),
(1414, 12754, 'IBUNG YUSUF', NULL, 7, NULL),
(1415, 12805, 'AHMAD YUSUF SAEFUDIN', NULL, 7, NULL),
(1416, 13224, 'I GUSTI NGURAH PERMANA', 3, 8, 'gusti.permana@arka.co.id'),
(1417, 13225, 'ADELA HELVYS', 41, 8, ''),
(1418, 13283, 'DWI GATOT SISWANTO', 108, 3, '');

-- --------------------------------------------------------

--
-- Struktur dari tabel `kategori`
--

CREATE TABLE IF NOT EXISTS `kategori` (
  `id_kategori` int(11) NOT NULL AUTO_INCREMENT,
  `nama_kategori` varchar(50) NOT NULL,
  PRIMARY KEY (`id_kategori`)
) ENGINE=MyISAM  DEFAULT CHARSET=latin1 AUTO_INCREMENT=16 ;

--
-- Dumping data untuk tabel `kategori`
--

INSERT INTO `kategori` (`id_kategori`, `nama_kategori`) VALUES
(1, 'ITC Equipment'),
(2, 'Safety Equipment'),
(3, 'Stationery'),
(7, 'Office Equipment'),
(8, 'Land'),
(9, 'Building'),
(10, 'Heavy Equipment'),
(11, 'Light Vehicle'),
(12, 'Mining Support Equipment'),
(13, 'Mess Equipment'),
(14, 'Workshop Equipment'),
(15, 'Warehouse Equipment');

-- --------------------------------------------------------

--
-- Struktur dari tabel `merk`
--

CREATE TABLE IF NOT EXISTS `merk` (
  `id_merk` int(11) NOT NULL AUTO_INCREMENT,
  `nama_merk` varchar(50) NOT NULL,
  `id_tipe` int(11) NOT NULL,
  PRIMARY KEY (`id_merk`)
) ENGINE=InnoDB  DEFAULT CHARSET=latin1 AUTO_INCREMENT=4 ;

--
-- Dumping data untuk tabel `merk`
--

INSERT INTO `merk` (`id_merk`, `nama_merk`, `id_tipe`) VALUES
(2, 'Intel Core i3', 2),
(3, 'ICom', 3);

-- --------------------------------------------------------

--
-- Struktur dari tabel `model`
--

CREATE TABLE IF NOT EXISTS `model` (
  `id_model` int(11) NOT NULL AUTO_INCREMENT,
  `nama_model` varchar(50) NOT NULL,
  `id_merk` int(11) NOT NULL,
  PRIMARY KEY (`id_model`)
) ENGINE=InnoDB  DEFAULT CHARSET=latin1 AUTO_INCREMENT=3 ;

--
-- Dumping data untuk tabel `model`
--

INSERT INTO `model` (`id_model`, `nama_model`, `id_merk`) VALUES
(1, 'V80', 3),
(2, 'Personal Computer', 2);

-- --------------------------------------------------------

--
-- Struktur dari tabel `perbekalan`
--

CREATE TABLE IF NOT EXISTS `perbekalan` (
  `id_perbekalan` int(11) NOT NULL AUTO_INCREMENT,
  `no_inv` varchar(50) DEFAULT NULL,
  `id_karyawan` int(11) NOT NULL,
  `id_aset` int(11) DEFAULT NULL,
  `merk` varchar(50) DEFAULT NULL,
  `model` varchar(50) DEFAULT NULL,
  `sn` varchar(50) DEFAULT NULL,
  `pn` varchar(50) DEFAULT NULL,
  `jumlah` int(11) DEFAULT NULL,
  `remarks` varchar(250) DEFAULT NULL,
  `tanggal` date DEFAULT NULL,
  `status` enum('Available','Mutated','Not Available') NOT NULL DEFAULT 'Available',
  PRIMARY KEY (`id_perbekalan`)
) ENGINE=MyISAM  DEFAULT CHARSET=latin1 AUTO_INCREMENT=454 ;

--
-- Dumping data untuk tabel `perbekalan`
--

INSERT INTO `perbekalan` (`id_perbekalan`, `no_inv`, `id_karyawan`, `id_aset`, `merk`, `model`, `sn`, `pn`, `jumlah`, `remarks`, `tanggal`, `status`) VALUES
(91, '1507000006', 23, 8, '', '', 'HR.DESK.01', '', 1, 'Ex Site 016C', '2015-04-02', 'Available'),
(90, '1507000005', 23, 7, '', '', 'ENG.UPS.01', '', 1, 'Ex Site 016C', '2015-04-02', 'Mutated'),
(89, '1507000004', 23, 8, '', '', 'ENG.DESK.07', '', 1, 'Ex Site 016C', '2015-04-02', 'Mutated'),
(88, '1507000003', 23, 8, '', '', 'ENG.DESK.01', '', 1, 'Ex Site 016C', '2015-04-02', 'Available'),
(86, '1507000001', 23, 2, '', '', 'ENG.CPU.01', '', 1, 'Ex Site 016C', '2015-04-02', 'Mutated'),
(87, '1507000002', 23, 2, '', '', 'ENG.CPU.07', '', 1, 'Ex Site 016C', '2015-04-02', 'Available'),
(92, '1507000007', 23, 2, '', '', 'LOG.CPU.02', '', 1, 'Ex Site 016C', '2015-04-02', 'Mutated'),
(93, '1507000008', 23, 2, '', '', 'LOG.CPU.03', '', 1, 'Ex Site 016C', '2015-04-02', 'Available'),
(94, '1507000009', 23, 2, '', '', 'LOG.CPU.05', '', 1, 'Ex Site 016C', '2015-04-02', 'Mutated'),
(95, '1507000010', 23, 2, '', '', 'LOG.CPU.07', '', 1, 'Ex Site 016C', '2015-04-02', 'Available'),
(96, '1507000096', 23, 2, '', '', 'LOG.CPU.08', '', 1, 'Ex Site 016C', '2015-04-02', 'Available'),
(97, '1507000097', 23, 8, '', '', 'LOG.DESK.02', '', 1, 'Ex Site 016C', '2015-04-02', 'Available'),
(98, '1507000098', 23, 8, '', '', 'LOG.DESK.03', '', 1, 'Ex Site 016C', '2015-04-02', 'Available'),
(99, '1507000099', 23, 8, '', '', 'LOG.DESK.05', '', 1, 'Ex Site 016C', '2015-04-02', 'Mutated'),
(100, '1507000100', 23, 8, '', '', 'LOG.DESK.07', '', 1, 'Ex Site 016C', '2015-04-02', 'Mutated'),
(101, '1507000101', 23, 4, 'Epson', 'L110', 'LOG.EPSON.L110', '', 1, 'Ex Site 016C', '2015-04-02', 'Mutated'),
(102, '1507000102', 23, 4, 'Epson', 'L210', 'LOG.EPSON.L210', '', 1, 'Ex Site 016C', '2015-04-02', 'Mutated'),
(103, '1507000103', 23, 7, '', '', 'LOG.UPS.02', '', 1, 'Ex Site 016C', '2015-04-02', 'Available'),
(104, '1507000104', 23, 7, '', '', 'LOG.UPS.05', '', 1, 'Ex Site 016C', '2015-04-02', 'Mutated'),
(105, '1507000105', 23, 11, '', '', 'PLA.CAMERA.01', '', 1, 'Ex Site 016C (Rusak)', '2015-04-02', 'Available'),
(106, '1507000106', 23, 2, '', '', 'PLA.CPU.01', '', 1, 'Ex Site 016C', '2015-04-02', 'Mutated'),
(107, '1507000107', 23, 2, '', '', 'PLA.CPU.02', '', 1, 'Ex Site 016C', '2015-04-02', 'Mutated'),
(108, '1507000108', 23, 2, '', '', 'PLA.CPU.03', '', 1, 'Ex Site 016C', '2015-04-02', 'Mutated'),
(109, '1507000109', 23, 2, '', '', 'PLA.CPU.05', '', 1, 'Ex Site 016C', '2015-04-02', 'Available'),
(110, '1507000110', 23, 2, '', '', 'PLA.CPU.07', '', 1, 'Ex Site 016C', '2015-04-02', 'Available'),
(111, '1507000111', 23, 2, '', '', 'PLA.CPU.08', '', 1, 'Ex Site 016C', '2015-04-02', 'Available'),
(112, '1507000112', 23, 8, '', '', 'PLA.DESK.01', '', 1, 'Ex Site 016C', '2015-04-02', 'Mutated'),
(113, '1507000113', 23, 8, '', '', 'PLA.DESK.02', '', 1, 'Ex Site 016C', '2015-04-02', 'Available'),
(114, '1507000114', 23, 8, '', '', 'PLA.DESK.03', '', 1, 'Ex Site 016C', '2015-04-02', 'Available'),
(115, '1507000115', 23, 8, '', '', 'PLA.DESK.05', '', 1, 'Ex Site 016C', '2015-04-02', 'Available'),
(116, '1507000116', 23, 8, '', '', 'PLA.DESK.07', '', 1, 'Ex Site 016C', '2015-04-02', 'Mutated'),
(117, '1507000117', 23, 8, '', '', 'PLA.DESK.08', '', 1, 'Ex Site 016C', '2015-04-02', 'Available'),
(118, '1507000118', 23, 7, '', '', 'PLA.UPS.02', '', 1, 'Ex Site 016C', '2015-04-02', 'Available'),
(119, '1507000119', 23, 7, '', '', 'PLA.UPS.03', '', 1, 'Ex Site 016C', '2015-04-02', 'Mutated'),
(120, '1507000120', 23, 4, 'Epson', 'L200', 'PM.EPSON.L200', '', 1, 'Ex Site 016C', '2015-04-02', 'Mutated'),
(121, '1507000121', 23, 2, '', '', 'R&D.CPU.01', '', 1, 'Ex Site 016C', '2015-04-02', 'Mutated'),
(122, '1507000122', 23, 3, 'HP', '1000', 'R&D.LAPTOP.HP', '', 1, 'Ex Site 016C', '2015-04-02', 'Mutated'),
(123, '1507000123', 23, 8, '', '', 'R&D.DESK.01', '', 1, 'Ex Site 016C', '2015-04-02', 'Mutated'),
(124, '1507000124', 23, 9, 'INFOCUS', '', 'R&D.INFOCUS.01', '', 1, 'Ex Site 016C', '2015-04-02', 'Available'),
(125, '1507000125', 23, 9, 'INFOCUS', '', 'R&D.INFOCUS.02', '', 1, 'Ex Site 016C', '2015-04-02', 'Available'),
(126, '1507000126', 23, 7, '', '', 'R&D.UPS.01', '', 1, 'Ex Site 016C', '2015-04-02', 'Available'),
(127, '1507000127', 23, 7, '', '', 'SHE.UPS.01', '', 1, 'Ex Site 016C', '2015-04-02', 'Available'),
(128, '1507000128', 23, 8, '', '', 'SHE.DESK.01', '', 1, 'Ex Site 016C', '2015-04-02', 'Mutated'),
(129, '1507000129', 23, 4, 'HP', 'DESKJET', '', '', 1, 'Ex Site 016C', '2015-04-08', 'Available'),
(130, '1507000130', 23, 2, '', '', 'ENG.CPU.03', '', 1, 'Ex Site 016C', '2015-04-08', 'Available'),
(131, '1507000131', 23, 2, '', '', 'ENG.CPU.06', '', 1, 'Ex Site 016C', '2015-04-08', 'Available'),
(132, '1507000132', 23, 8, '', '', 'ENG.DESK.03', '', 1, 'Ex Site 016C', '2015-04-08', 'Mutated'),
(133, '1507000133', 23, 8, '', '', 'ENG.DESK.06', '', 1, 'Ex Site 016C', '2015-04-08', 'Available'),
(134, '1507000134', 23, 4, 'HP', 'LASERJET P1102', 'ENG.LASERJET.P1102', '', 1, 'Ex Site 016C', '2015-04-08', 'Available'),
(135, '1507000135', 23, 4, 'HP', 'OFFICEJET 7000', 'ENG.OFFICEJET.7000', '', 1, 'Ex Site 016C', '2015-04-08', 'Available'),
(136, '1507000136', 23, 12, '', '', '', '', 1, 'Ex Site 016C', '2015-04-08', 'Available'),
(137, '1507000137', 23, 10, 'FINGERSPOT', '', 'HR.FINGERSPOT.01', '', 1, 'Ex Site 016C', '2015-04-08', 'Mutated'),
(138, '1507000138', 23, 9, 'SONY', '', 'HR.PROJECTOR.SONY', '', 1, 'Ex Site 016C', '2015-04-08', 'Available'),
(139, '1507000139', 23, 2, '', '', 'LOG.CPU.06', '', 1, 'Ex Site 016C', '2015-04-08', 'Available'),
(140, '1507000140', 23, 8, '', '', 'LOG.DESK.01', '', 1, 'Ex Site 016C', '2015-04-08', 'Available'),
(141, '1507000141', 23, 4, 'EPSON', 'LQ310', 'LOG.EPSON.LQ310', '', 1, 'Ex Site 016C', '2015-04-08', 'Available'),
(142, '1507000142', 23, 7, '', '', 'LOG.UPS.03', '', 1, 'Ex Site 016C', '2015-04-08', 'Mutated'),
(143, '1507000143', 23, 2, '', '', 'PROD.CPU.02', '', 1, 'Ex Site 016C', '2015-04-08', 'Available'),
(144, '1507000144', 23, 10, 'FINGERSPOT', '', 'PROD.FINGERSPOT.01', '', 1, 'Ex Site 016C', '2015-04-08', 'Available'),
(145, '1507000145', 23, 10, 'FINGERSPOT', '', 'PROD.FINGERSPOT.02', '', 1, 'Ex Site 016C', '2015-04-08', 'Available'),
(146, '1507000146', 23, 10, 'FINGERSPOT', '', 'PROD.FINGERSPOT.03', '', 1, 'Ex Site 016C', '2015-04-08', 'Available'),
(147, '1507000147', 23, 8, '', '', 'PROD.DESK.02', '', 1, 'Ex Site 016C', '2015-04-08', 'Mutated'),
(148, '1507000148', 23, 4, 'CANON', 'IP2770', 'PROD.CANON.IP2770', '', 1, 'Ex Site 016C', '2015-04-08', 'Available'),
(149, '1507000149', 23, 7, '', '', 'SHE.UPS.02', '', 1, 'Ex Site 016C', '2015-04-08', 'Available'),
(150, '1507000150', 23, 2, '', '', 'SURVEY.CPU.01', '', 1, 'Ex Site 016C', '2015-04-08', 'Available'),
(151, '1507000151', 23, 2, '', '', 'SURVEY.CPU.02', '', 1, 'Ex Site 016C', '2015-04-08', 'Mutated'),
(152, '1507000152', 23, 2, '', '', 'SURVEY.CPU.03', '', 1, 'Ex Site 016C', '2015-04-08', 'Available'),
(153, '1507000153', 23, 8, '', '', 'SURVEY.DESK.01', '', 1, 'Ex Site 016C', '2015-04-08', 'Available'),
(154, '1507000154', 23, 8, '', '', 'SURVEY.DESK.02', '', 1, 'Ex Site 016C', '2015-04-08', 'Available'),
(155, '1507000155', 23, 8, '', '', 'SURVEY.DESK.03', '', 1, 'Ex Site 016C', '2015-04-08', 'Available'),
(156, '1507000156', 23, 7, '', '', 'SURVEY.UPS.01', '', 1, 'Ex Site 016C', '2015-04-08', 'Available'),
(157, '1507000157', 23, 7, '', '', 'ENG.UPS.06', '', 1, 'Ex Site 016C', '2015-04-08', 'Mutated'),
(158, '1507000158', 23, 2, '', '', 'ENG.CPU.05', '', 1, 'Ex Site 016C', '2015-04-21', 'Mutated'),
(159, '1507000159', 23, 8, '', '', 'ENG.DESK.05', '', 1, 'Ex Site 016C', '2015-04-21', 'Available'),
(160, '1507000160', 23, 5, 'CANON', 'LIDE 110', 'ENG.SCANNER.L110', '', 1, 'Ex Site 016C', '2015-04-21', 'Mutated'),
(161, '1507000161', 23, 7, '', '', 'ENG.UPS.03', '', 1, 'Ex Site 016C', '2015-04-21', 'Available'),
(162, '1507000162', 23, 2, '', '', 'HR.CPU.01', '', 1, 'Ex Site 016C', '2015-04-21', 'Available'),
(163, '1507000163', 23, 8, '', '', 'HR.DESK.03', '', 1, 'Ex Site 016C', '2015-04-21', 'Available'),
(164, '1507000164', 23, 2, '', '', 'LOG.CPU.04', '', 1, 'Ex Site 016C', '2015-04-21', 'Mutated'),
(165, '1507000165', 23, 8, '', '', 'LOG.DESK.04', '', 1, 'Ex Site 016C', '2015-04-21', 'Available'),
(166, '1507000166', 23, 7, '', '', 'LOG.UPS.01', '', 1, 'Ex Site 016C', '2015-04-21', 'Available'),
(167, '1507000167', 23, 2, '', '', 'PLA.CPU.06', '', 1, 'Ex Site 016C', '2015-04-21', 'Mutated'),
(168, '1507000168', 23, 8, '', '', 'PLA.DESK.06', '', 1, 'Ex Site 016C', '2015-04-21', 'Available'),
(169, '1507000169', 23, 4, 'EPSON', 'L100', 'PLA.EPSON.L100', '', 1, 'Ex Site 016C', '2015-04-21', 'Mutated'),
(170, '1507000170', 23, 4, 'EPSON', 'LQ300', 'PLA.EPSON.LQ300', '', 1, 'Ex Site 016C', '2015-04-21', 'Available'),
(171, '1507000171', 23, 5, 'CANON', 'LIDE 110', 'PLA.SCANNER.L110', '', 1, 'Ex Site 016C', '2015-04-21', 'Available'),
(172, '1507000172', 23, 7, '', '', 'PLA.UPS.01', '', 1, 'Ex Site 016C', '2015-04-21', 'Available'),
(173, '1507000173', 23, 4, 'EPSON', 'L800', 'SHE.EPSON.L800', '', 1, 'Ex Site 016C', '2015-04-21', 'Available'),
(174, '1507000174', 23, 5, 'CANON', 'LIDE 110', 'SHE.SCANNER.L100', '', 1, 'Ex Site 016C', '2015-04-21', 'Available'),
(175, '1507000175', 23, 12, '', 'ANTENNA', '', '', 1, 'Ex Site 016C', '2015-05-08', 'Available'),
(176, '1507000176', 23, 7, '', '', 'IT.UPS', '', 1, 'Ex Site 016C', '2015-05-08', 'Mutated'),
(177, '1507000177', 23, 7, '', '', 'ACC.UPS.02', '', 1, 'Ex Site 016C', '2015-05-08', 'Available'),
(178, '1507000178', 23, 2, '', '', 'ENG.CPU.04', '', 1, 'Ex Site 016C', '2015-05-08', 'Mutated'),
(179, '1507000179', 23, 8, '', '', 'ENG.DESK.04', '', 1, 'Ex Site 016C', '2015-05-08', 'Mutated'),
(180, '1507000180', 23, 7, '', '', 'ENG.UPS.04', '', 1, 'Ex Site 016C', '2015-05-08', 'Mutated'),
(181, '1507000181', 23, 2, '', '', 'LOG.CPU.01', '', 1, 'Ex Site 016C', '2015-05-08', 'Available'),
(182, '1507000182', 23, 8, '', '', 'LOG.DESK.06', '', 1, 'Ex Site 016C', '2015-05-08', 'Available'),
(183, '1507000183', 23, 2, '', '', 'MED.CPU.01', '', 1, 'Ex Site 016C', '2015-05-08', 'Available'),
(184, '1507000184', 23, 8, '', '', 'MED.DESK.01', '', 1, 'Ex Site 016C', '2015-05-08', 'Available'),
(185, '1507000185', 23, 4, 'EPSON', 'L110', 'MED.EPSON.L110', '', 1, 'Ex Site 016C', '2015-05-08', 'Available'),
(186, '1507000186', 23, 7, '', '', 'MED.UPS.01', '', 1, 'Ex Site 016C', '2015-05-08', 'Available'),
(187, '1507000187', 23, 2, '', '', 'PROD.CPU.01', '', 1, 'Ex Site 016C', '2015-05-08', 'Mutated'),
(188, '1507000188', 23, 8, '', '', 'PROD.DESK.01', '', 1, 'Ex Site 016C', '2015-05-08', 'Available'),
(189, '1507000189', 23, 3, 'TOSHIBA', '', 'PLA.TOSHIBA', '', 1, 'Ex Site 016C', '2015-05-11', 'Mutated'),
(190, '1507000190', 23, 14, '', '', 'R&D.NANOSTATION', '', 1, 'Ex Site 016C', '2015-04-21', 'Available'),
(191, '1507000191', 23, 13, '', '', 'R&D.HUB', '', 1, 'Ex Site 016C', '2015-04-21', 'Available'),
(192, '1507000192', 23, 13, '', '', 'LOG.HUB', '', 1, 'Ex Site 016C', '2015-05-08', 'Available'),
(193, '1507000193', 23, 13, '', '', 'OFFICE.HUB', '', 1, 'Ex Site 016C', '2015-05-08', 'Available'),
(194, '1507000194', 23, 14, '', '', 'PLA.NANOSTATION', '', 1, 'Ex Site 016C', '2015-05-08', 'Available'),
(195, '1507000001', 1417, 2, '', '', 'ENG.CPU.01', '', 1, 'Ex Site 016C, No BA', '2015-04-06', 'Available'),
(196, '1507000004', 315, 8, '', '', 'ENG.DESK.07', '', 1, 'Ex Site 016C', '2015-05-26', 'Available'),
(197, '1507000005', 1366, 7, '', '', 'ENG.UPS.01', '', 1, 'Ex Site 016C', '2015-06-05', 'Available'),
(198, '1507000009', 314, 2, '', '', 'LOG.CPU.05', '', 1, 'Ex Site 016C', '2015-05-26', 'Available'),
(199, '1507000100', 314, 8, '', '', 'LOG.DESK.07', '', 1, 'Ex Site 016C', '2015-05-26', 'Available'),
(200, '1507000101', 38, 4, 'Epson', 'L110', 'LOG.EPSON.L110', '', 1, 'Ex Site 016C', '2015-05-12', 'Available'),
(201, '1507000102', 1375, 4, 'Epson', 'L210', 'LOG.EPSON.L210', '', 1, 'Ex Site 016C', '2015-05-20', 'Available'),
(202, '1507000104', 294, 7, '', '', 'LOG.UPS.05', '', 1, 'Ex Site 016C', '2015-04-16', 'Available'),
(203, '1507000107', 585, 2, '', '', 'PLA.CPU.02', '', 1, 'Ex Site 016C', '2015-05-25', 'Available'),
(207, '1507000112', 1416, 8, '', '', 'PLA.DESK.01', '', 1, 'Ex Site 016C', '2015-04-28', 'Mutated'),
(205, '1507000116', 113, 8, '', '', 'PLA.DESK.07', '', 1, 'Ex Site 016C', '2015-05-26', 'Available'),
(206, '1507000119', 294, 7, '', '', 'PLA.UPS.03', '', 1, 'Ex Site 016C', '2015-04-15', 'Available'),
(208, '1507000112', 23, 8, '', '', 'PLA.DESK.01', '', 1, 'Ex Site 016C, Asset returned.', '2015-05-28', 'Mutated'),
(209, '1507000112', 1366, 8, '', '', 'PLA.DESK.01', '', 1, 'Ex Site 016C', '2015-06-05', 'Available'),
(210, '1507000121', 1416, 2, '', '', 'R&D.CPU.01', '', 1, 'Ex Site 016C', '2015-04-28', 'Mutated'),
(211, '1507000121', 23, 2, '', '', 'R&D.CPU.01', '', 1, 'Ex Site 016C, Asset returned', '2015-05-28', 'Available'),
(212, '1507000142', 1416, 7, '', '', 'LOG.UPS.03', '', 1, 'Ex Site 016C', '2015-04-28', 'Mutated'),
(213, '1507000142', 23, 7, '', '', 'LOG.UPS.03', '', 1, 'Ex Site 016C, asset returned', '2015-05-28', 'Available'),
(214, '1507000160', 1416, 5, 'CANON', 'LIDE 110', 'ENG.SCANNER.L110', '', 1, 'Ex Site 016C', '2015-04-28', 'Mutated'),
(215, '1507000160', 23, 5, 'CANON', 'LIDE 110', 'ENG.SCANNER.L110', '', 1, 'Ex Site 016C, asset returned', '2015-05-28', 'Available'),
(216, '1507000169', 1416, 4, 'EPSON', 'L100', 'PLA.EPSON.L100', '', 1, 'Ex Site 016C', '2015-04-28', 'Mutated'),
(217, '1507000169', 23, 4, 'EPSON', 'L100', 'PLA.EPSON.L100', '', 1, 'Ex Site 016C, asset returned', '2015-05-28', 'Available'),
(218, '1507000122', 44, 3, 'HP', '1000', 'R&D.LAPTOP.HP', '', 1, 'Ex Site 016C', '2015-04-15', 'Available'),
(219, '1507000123', 1417, 8, '', '', 'R&D.DESK.01', '', 1, 'Ex Site 016C', '2015-04-06', 'Available'),
(220, '1507000132', 1366, 8, '', '', 'ENG.DESK.03', '', 1, 'Ex Site 016C', '2015-06-05', 'Available'),
(221, '1507000137', 185, 10, 'FINGERSPOT', '', 'HR.FINGERSPOT.01', '', 1, 'Ex Site 016C', '2015-06-12', 'Available'),
(222, '1507000151', 1366, 2, '', '', 'SURVEY.CPU.02', '', 1, 'Ex Site 016C', '2015-06-05', 'Available'),
(223, '1507000157', 294, 7, '', '', 'ENG.UPS.06', '', 1, 'Ex Site 016C', '2015-04-15', 'Available'),
(224, '1507000158', 315, 2, '', '', 'ENG.CPU.05', '', 1, 'Ex Site 016C', '2015-05-26', 'Available'),
(225, '1507000164', 2, 2, '', '', 'LOG.CPU.04', '', 1, 'Ex Site 016C', '2015-05-05', 'Available'),
(226, '1507000167', 113, 2, '', '', 'PLA.CPU.06', '', 1, 'Ex Site 016C', '2015-05-26', 'Available'),
(227, '1507000176', 1366, 7, '', '', 'IT.UPS', '', 1, 'Ex Site 016C', '2015-06-05', 'Available'),
(228, '1507000178', 1366, 2, '', '', 'ENG.CPU.04', '', 1, 'Ex Site 016C', '2015-06-05', 'Available'),
(229, '1507000179', 294, 8, '', '', 'ENG.DESK.04', '', 1, 'Ex Site 016C, No WO. 0000287/WO/ITY/VI/2015', '2015-07-01', 'Available'),
(230, '1507000180', 1366, 7, '', '', 'ENG.UPS.04', '', 1, 'Ex Site 016C', '2015-06-05', 'Available'),
(231, '1507000187', 294, 2, '', '', 'PROD.CPU.01', '', 1, 'Ex Site 016C, No WO. 0000287/WO/ITY/VI/2015', '2015-07-01', 'Available'),
(232, '1507000189', 420, 3, 'TOSHIBA', '', 'PLA.TOSHIBA', '', 1, 'Ex Site 016C', '2015-05-11', 'Available'),
(233, '1507000233', 1021, 15, 'GLACIO', 'GL-330', 'SHE.LAMINATING', '', 1, 'Ex Site 016C', '2015-06-25', 'Available'),
(234, '1507000007', 1375, 2, '', '', 'LOG.CPU.02', '', 1, 'Ex Site 016C, untuk Safety 017C', '2015-05-20', 'Available'),
(235, '1507000108', 1375, 2, '', '', 'PLA.CPU.03', '', 1, 'Ex Site 016C, untuk Plant 017C', '2015-05-20', 'Available'),
(236, '1507000120', 1375, 4, 'Epson', 'L200', 'PM.EPSON.L200', '', 1, 'Ex Site 016C', '2015-05-20', 'Available'),
(237, '1507000128', 1375, 8, '', '', 'SHE.DESK.01', '', 1, 'Ex Site 016C, untuk Safety 017C', '2015-05-20', 'Available'),
(238, '1507000147', 1375, 8, '', '', 'PROD.DESK.02', '', 1, 'Ex Site 016C, untuk Plant 017C', '2015-05-20', 'Available'),
(239, '1507000239', 1375, 4, 'EPSON', 'L100', 'EPSON.L100', '', 1, 'Ex Site 016C', '2015-05-20', 'Available'),
(240, '1507000106', 1418, 2, '', '', 'PLA.CPU.01', '', 1, 'Ex Site 016C', '2015-07-13', 'Available'),
(241, '1507000099', 1418, 8, '', '', 'LOG.DESK.05', '', 1, 'Ex Site 016C', '2015-07-13', 'Available'),
(242, '1507000242', 23, 6, 'ICOM', 'IC 2200H', '10120359', '', 1, 'Ex Site 016C', '2015-04-02', 'Mutated'),
(243, '1507000243', 23, 6, 'ICOM', 'IC 2200H', '53001253', '', 1, 'Ex Site 016C', '2015-04-02', 'Mutated'),
(244, '1507000244', 23, 6, 'ICOM', 'IC 2200H', '53001597', '', 1, 'Ex Site 016C', '2015-04-02', 'Mutated'),
(245, '1507000245', 23, 6, 'ICOM', 'IC 2200H', '53001598', '', 1, 'Ex Site 016C', '2015-04-02', 'Available'),
(246, '1507000246', 23, 6, 'ICOM', 'IC 2200H', '53001600', '', 1, 'Ex Site 016C', '2015-04-02', 'Mutated'),
(247, '1507000247', 23, 6, 'ICOM', 'IC 2200H', '53002604', '', 1, 'Ex Site 016C', '2015-04-02', 'Mutated'),
(248, '1507000248', 23, 6, 'ICOM', 'IC 2200H', '53002697', '', 1, 'Ex Site 016C', '2015-04-02', 'Mutated'),
(249, '1507000249', 23, 6, 'ICOM', 'IC 2200H', '53002698', '', 1, 'Ex Site 016C', '2015-04-02', 'Mutated'),
(250, '1507000250', 23, 6, 'ICOM', 'IC 2200H', '53002990', '', 1, 'Ex Site 016C', '2015-04-02', 'Mutated'),
(251, '1507000251', 23, 6, 'ICOM', 'IC 2200H', '53003229', '', 1, 'Ex Site 016C', '2015-04-02', 'Mutated'),
(252, '1507000252', 23, 6, 'ICOM', 'IC 2200H', '53006679', '', 1, 'Ex Site 016C', '2015-04-02', 'Mutated'),
(253, '1507000253', 23, 6, 'ICOM', 'IC 2200H', '53006819', '', 1, 'Ex Site 016C', '2015-04-02', 'Mutated'),
(254, '1507000254', 23, 6, 'ICOM', 'IC 2200H', '53007963', '', 1, 'Ex Site 016C', '2015-04-02', 'Mutated'),
(255, '1507000255', 23, 6, 'ICOM', 'IC 2200H', '53008362', '', 1, 'Ex Site 016C', '2015-04-02', 'Mutated'),
(256, '1507000256', 23, 6, 'ICOM', 'IC 2200H', '53008713', '', 1, 'Ex Site 016C', '2015-04-02', 'Mutated'),
(257, '1507000257', 23, 6, 'ICOM', 'IC 2200H', '53009405', '', 1, 'Ex Site 016C', '2015-04-02', 'Mutated'),
(258, '1507000258', 23, 6, 'ICOM', 'IC 2200H', '53010535', '', 1, 'Ex Site 016C', '2015-04-02', 'Mutated'),
(259, '1507000259', 23, 6, 'ICOM', 'IC 2200H', '60002764', '', 1, 'Ex Site 016C', '2015-04-02', 'Mutated'),
(260, '1507000260', 23, 6, 'ICOM', 'IC 2200H', '60016973', '', 1, 'Ex Site 016C', '2015-04-02', 'Mutated'),
(261, '1507000261', 23, 6, 'ICOM', 'IC 2200H', '60019317', '', 1, 'Ex Site 016C', '2015-04-02', 'Mutated'),
(262, '1507000262', 23, 6, 'ICOM', 'IC 2200H', '60019601', '', 1, 'Ex Site 016C', '2015-04-02', 'Mutated'),
(263, '1507000263', 23, 6, 'ICOM', 'IC 2200H', '-', '', 1, 'Ex Site 016C, S/N N/A', '2015-04-06', 'Mutated'),
(264, '1507000264', 23, 6, 'ICOM', 'IC 2200H', '-', '', 1, 'Ex Site 016C, S/N N/A', '2015-04-06', 'Mutated'),
(265, '1507000265', 23, 6, 'ICOM', 'IC 2200H', '-', '', 1, 'Ex Site 016C, S/N N/A', '2015-04-06', 'Mutated'),
(266, '1507000266', 23, 6, 'ICOM', 'IC 2200H', '-', '', 1, 'Ex Site 016C, S/N N/A', '2015-04-06', 'Mutated'),
(267, '1507000267', 23, 6, 'MOTOROLA', 'GM3688', '019TPE5524', '', 1, 'Ex Site 016C', '2015-04-02', 'Mutated'),
(268, '1507000268', 23, 6, 'MOTOROLA', 'GM3688', '019TPN4259', '', 1, 'Ex Site 016C', '2015-04-02', 'Mutated'),
(269, '1507000269', 23, 6, 'MOTOROLA', 'GM3688', '019TQL2704', '', 1, 'Ex Site 016C', '2015-04-02', 'Mutated'),
(270, '1507000270', 23, 6, 'MOTOROLA', 'GM3688', '019TPN4260', '', 1, 'Ex Site 016C', '2015-04-02', 'Mutated'),
(271, '1507000271', 23, 6, 'MOTOROLA', 'GM3688', '019TPN4256', '', 1, 'Ex Site 016C', '2015-04-02', 'Mutated'),
(272, '1507000272', 23, 6, 'MOTOROLA', 'GM3688', '019TNW1852', '', 1, 'Ex Site 016C', '2015-04-02', 'Mutated'),
(273, '1507000273', 23, 6, 'MOTOROLA', 'GM3688', '019TPG3850', '', 1, 'Ex Site 016C', '2015-04-02', 'Mutated'),
(274, '1507000274', 23, 6, 'MOTOROLA', 'GM3688', '019TPE5516', '', 1, 'Ex Site 016C', '2015-04-02', 'Mutated'),
(275, '1507000275', 23, 6, 'MOTOROLA', 'GM3688', '019TPJA799', '', 1, 'Ex Site 016C', '2015-04-02', 'Mutated'),
(276, '1507000276', 23, 6, 'MOTOROLA', 'GM3688', '019TPN4290', '', 1, 'Ex Site 016C', '2015-04-02', 'Mutated'),
(277, '1507000277', 23, 6, 'MOTOROLA', 'GM3688', '019TPN4239', '', 1, 'Ex Site 016C', '2015-04-02', 'Mutated'),
(278, '1507000278', 23, 6, 'MOTOROLA', 'GM3688', '019TNQ5776', '', 1, 'Ex Site 016C', '2015-04-02', 'Mutated'),
(279, '1507000279', 23, 6, 'MOTOROLA', 'GM3688', '019TPG3981', '', 1, 'Ex Site 016C', '2015-04-02', 'Mutated'),
(280, '1507000280', 23, 6, 'MOTOROLA', 'GM3688', '019TPN4334', '', 1, 'Ex Site 016C', '2015-04-02', 'Mutated'),
(281, '1507000281', 23, 6, 'MOTOROLA', 'GM3688', '019TPE5525', '', 1, 'Ex Site 016C', '2015-04-02', 'Mutated'),
(282, '1507000282', 23, 6, 'MOTOROLA', 'GM3688', '019TPN8961', '', 1, 'Ex Site 016C', '2015-04-02', 'Mutated'),
(283, '1507000283', 23, 6, 'MOTOROLA', 'GM3688', '019TNW1889', '', 1, 'Ex Site 016C', '2015-04-02', 'Mutated'),
(284, '1507000284', 23, 6, 'MOTOROLA', 'GM3688', '019TPG3848', '', 1, 'Ex Site 016C', '2015-04-02', 'Mutated'),
(285, '1507000285', 23, 6, 'MOTOROLA', 'GM3688', '019TQJ4888', '', 1, 'Ex Site 016C', '2015-04-02', 'Mutated'),
(286, '1507000286', 23, 6, 'MOTOROLA', 'GM3688', '019TPE5456', '', 1, 'Ex Site 016C', '2015-04-02', 'Mutated'),
(287, '1507000287', 23, 6, 'MOTOROLA', 'GM3688', '019TNW1885', '', 1, 'Ex Site 016C', '2015-04-02', 'Mutated'),
(288, '1507000288', 23, 1, 'ICOM', 'V80', '40010224-1', '', 1, 'Ex Site 016C', '2015-04-11', 'Mutated'),
(289, '1507000289', 23, 1, 'ICOM', 'V80', '40004677-6', '', 1, 'Ex Site 016C, PENGUNCI BATERAI RUSAK', '2015-04-11', 'Mutated'),
(290, '1507000290', 23, 1, 'ICOM', 'V80', '40027371-8', '', 1, 'Ex Site 016C', '2015-04-11', 'Mutated'),
(291, '1507000291', 23, 1, 'ICOM', 'V80', '40004044-2', '', 1, 'Ex Site 016C', '2015-04-11', 'Mutated'),
(292, '1507000292', 23, 1, 'ICOM', 'V80', '40014498-0', '', 1, 'Ex Site 016C', '2015-04-11', 'Mutated'),
(293, '1507000293', 23, 1, 'ICOM', 'V80', '40016200-1', '', 1, 'Ex Site 016C', '2015-04-11', 'Mutated'),
(294, '1507000294', 23, 1, 'ICOM', 'V80', '40018486-7', '', 1, 'Ex Site 016C', '2015-04-11', 'Mutated'),
(295, '1507000295', 23, 1, 'ICOM', 'V80', '40016197-6', '', 1, 'Ex Site 016C', '2015-04-17', 'Mutated'),
(296, '1507000296', 23, 1, 'ICOM', 'V80', '40006750-4', '', 1, 'Ex Site 016C', '2015-04-11', 'Mutated'),
(297, '1507000297', 23, 1, 'MOTOROLA', 'CP1660', '1338PG8566', '', 1, 'Ex Site 016C', '2015-04-17', 'Mutated'),
(298, '1507000298', 23, 6, 'MOTOROLA', 'GM3688', '019TNW1850', '', 1, 'Ex Site 016C', '2015-04-02', 'Mutated'),
(299, '1507000299', 23, 1, 'ICOM', 'V80', '40010219-9', '', 1, 'Ex Site 016C', '2015-04-11', 'Mutated'),
(300, '1507000300', 23, 1, 'ICOM', 'V80', '40007857-7', '', 1, 'Ex Site 016C', '2015-04-11', 'Mutated'),
(301, '1507000301', 23, 1, 'ICOM', 'V80', '40007856-0', '', 1, 'Ex Site 016C', '2015-04-11', 'Mutated'),
(302, '1507000302', 23, 1, 'ICOM', 'V80', '40007863-6', '', 1, 'Ex Site 016C', '2015-04-11', 'Mutated'),
(303, '1507000303', 23, 1, 'MOTOROLA', 'CP1660', '1338NU3081', '', 1, 'Ex Site 016C', '2015-04-11', 'Mutated'),
(304, '1507000304', 23, 1, 'MOTOROLA', 'CP1660', '1338PJ3824', '', 1, 'Ex Site 016C', '2015-04-11', 'Mutated'),
(305, '1507000305', 23, 1, 'MOTOROLA', 'CP1660', '1338PJ3804', '', 1, 'Ex Site 016C', '2015-04-11', 'Mutated'),
(306, '1507000306', 23, 1, 'ICOM', 'V80', '40010218-2', '', 1, 'Ex Site 016C', '2015-04-11', 'Mutated'),
(307, '1507000307', 23, 1, 'ICOM', 'V80', '40007858-4', '', 1, 'Ex Site 016C', '2015-04-11', 'Mutated'),
(308, '1507000308', 23, 1, 'ICOM', 'V80', '40007855-3', '', 1, 'Ex Site 016C', '2015-04-11', 'Mutated'),
(309, '1507000309', 23, 6, 'ICOM', 'IC 2200H', '530011646', '', 1, 'Ex Site 016C, RUSAK', '2015-04-06', 'Available'),
(310, '1507000310', 23, 6, 'ICOM', 'IC 2200H', '53002601', '', 1, 'Ex Site 016C, RUSAK', '2015-04-06', 'Available'),
(311, '1507000311', 23, 6, 'ICOM', 'IC 2200H', '53008318', '', 1, 'Ex Site 016C, RUSAK', '2015-04-06', 'Available'),
(312, '1507000312', 23, 6, 'ICOM', 'IC 2200H', '53007859', '', 1, 'Ex Site 016C, RUSAK', '2015-04-06', 'Available'),
(313, '1507000313', 23, 6, 'ICOM', 'IC 2200H', '53001014', '', 1, 'Ex Site 016C, RUSAK', '2015-04-06', 'Available'),
(314, '1507000314', 23, 6, 'ICOM', 'IC 2200H', '53003232', '', 1, 'Ex Site 016C, RUSAK', '2015-04-06', 'Available'),
(315, '1507000315', 23, 6, 'ICOM', 'IC 2200H', '53008381', '', 1, 'Ex Site 016C, RUSAK', '2015-04-06', 'Available'),
(316, '1507000316', 23, 6, 'ICOM', 'IC 2200H', '53008364', '', 1, 'Ex Site 016C, RUSAK', '2015-04-06', 'Available'),
(317, '1507000317', 23, 6, 'ICOM', 'IC 2200H', '53006319', '', 1, 'Ex Site 016C, RUSAK', '2015-04-06', 'Available'),
(318, '1507000318', 23, 6, 'ICOM', 'IC 2200H', '53001598', '', 1, 'Ex Site 016C, RUSAK', '2015-04-06', 'Available'),
(319, '1507000319', 23, 6, 'ICOM', 'IC 2200H', '53002991', '', 1, 'Ex Site 016C, RUSAK', '2015-04-06', 'Available'),
(320, '1507000320', 23, 6, 'ICOM', 'IC 2200H', '53002602', '', 1, 'Ex Site 016C, RUSAK', '2015-04-06', 'Available'),
(321, '1507000321', 23, 6, 'ICOM', 'IC 2200H', '60019602', '', 1, 'Ex Site 016C, RUSAK', '2015-04-06', 'Available'),
(322, '1507000322', 23, 6, 'ICOM', 'IC 2200H', '60019157', '', 1, 'Ex Site 016C, RUSAK', '2015-04-06', 'Available'),
(323, '1507000323', 23, 6, 'ICOM', 'IC 2200H', '60019604', '', 1, 'Ex Site 016C, RUSAK', '2015-04-06', 'Available'),
(324, '1507000324', 23, 6, 'ICOM', 'IC 2200H', '53008318', '', 1, 'Ex Site 016C, RUSAK', '2015-04-06', 'Available'),
(325, '1507000325', 23, 6, 'ICOM', 'IC 2200H', '53007963', '', 1, 'Ex Site 016C, RUSAK', '2015-04-06', 'Available'),
(326, '1507000326', 23, 6, 'ICOM', 'IC 2200H', '53002643', '', 1, 'Ex Site 016C, RUSAK', '2015-04-06', 'Available'),
(327, '1507000327', 23, 6, 'ICOM', 'IC 2200H', '53007276', '', 1, 'Ex Site 016C', '2015-04-06', 'Available'),
(328, '1507000328', 23, 6, 'ICOM', 'IC 2200H', '53007037', '', 1, 'Ex Site 016C', '2015-04-06', 'Available'),
(329, '1507000329', 23, 6, 'ICOM', 'IC 2200H', '53002992', '', 1, 'Ex Site 016C', '2015-04-06', 'Available'),
(330, '1507000330', 23, 6, 'ICOM', 'IC 2200H', '53010533', '', 1, 'Ex Site 016C', '2015-04-06', 'Available'),
(331, '1507000331', 23, 6, 'ICOM', 'IC 2200H', '60027262', '', 1, 'Ex Site 016C', '2015-04-06', 'Available'),
(332, '1507000332', 23, 6, 'ICOM', 'IC 2200H', '53008320', '', 1, 'Ex Site 016C, RUSAK', '2015-04-06', 'Available'),
(333, '1507000333', 23, 6, 'ICOM', 'IC 2200H', '53008580', '', 1, 'Ex Site 016C', '2015-04-06', 'Available'),
(334, '1507000334', 23, 6, 'ICOM', 'IC 2200H', '53002872', '', 1, 'Ex Site 016C', '2015-04-06', 'Available'),
(335, '1507000335', 23, 6, 'ICOM', 'IC 2200H', '-', '', 1, 'Ex Site 016C', '2015-04-06', 'Available'),
(336, '1507000336', 23, 6, 'ICOM', 'IC 2200H', '53002794', '', 1, 'Ex Site 016C', '2015-04-06', 'Available'),
(337, '1507000337', 23, 6, 'ICOM', 'IC 2200H', '60019568', '', 1, 'Ex Site 016C', '2015-04-06', 'Available'),
(338, '1507000338', 23, 6, 'ICOM', 'IC 2200H', '-', '', 1, 'Ex Site 016C', '2015-04-06', 'Available'),
(339, '1507000339', 23, 6, 'ICOM', 'IC 2200H', '-', '', 1, 'Ex Site 016C', '2015-04-06', 'Available'),
(340, '1507000340', 23, 6, 'ICOM', 'IC 2200H', '53011234', '', 1, 'Ex Site 016C', '2015-04-06', 'Available'),
(341, '1507000341', 23, 6, 'ICOM', 'IC 2200H', '53002447', '', 1, 'Ex Site 016C', '2015-04-06', 'Available'),
(342, '1507000342', 23, 6, 'ICOM', 'IC 2200H', '60019129', '', 1, 'Ex Site 016C', '2015-04-06', 'Available'),
(343, '1507000343', 23, 6, 'ICOM', 'IC 2200H', '53007964', '', 1, 'Ex Site 016C', '2015-04-06', 'Available'),
(344, '1507000344', 23, 1, 'ICOM', 'V8', '34013393', '', 1, 'Ex Site 016C', '2015-04-11', 'Available'),
(345, '1507000345', 23, 1, 'ICOM', 'V8', '34014377', '', 1, 'Ex Site 016C', '2015-04-11', 'Available'),
(346, '1507000346', 23, 1, 'ICOM', 'V8', '34014380', '', 1, 'Ex Site 016C', '2015-04-11', 'Available'),
(347, '1507000347', 23, 1, 'ICOM', 'V8', '23280954', '', 1, 'Ex Site 016C', '2015-04-11', 'Available'),
(348, '1507000348', 23, 1, 'ICOM', 'V8', '23280977', '', 1, 'Ex Site 016C', '2015-04-11', 'Available'),
(349, '1507000349', 23, 1, 'ICOM', 'V8', '23285703', '', 1, 'Ex Site 016C', '2015-04-11', 'Available'),
(350, '1507000350', 23, 1, 'ICOM', 'V8', '23281003', '', 1, 'Ex Site 016C', '2015-04-11', 'Available'),
(351, '1507000351', 23, 1, 'ICOM', 'V8', '23280976', '', 1, 'Ex Site 016C', '2015-04-11', 'Available'),
(352, '1507000352', 23, 1, 'ICOM', 'V8', '23281125', '', 1, 'Ex Site 016C', '2015-04-11', 'Available'),
(353, '1507000353', 23, 1, 'ICOM', 'V8', '34014374', '', 1, 'Ex Site 016C', '2015-04-11', 'Available'),
(354, '1507000354', 23, 1, 'ICOM', 'V8', '34013991', '', 1, 'Ex Site 016C', '2015-04-11', 'Available'),
(355, '1507000355', 23, 1, 'ICOM', 'V8', '23280986', '', 1, 'Ex Site 016C', '2015-04-11', 'Available'),
(356, '1507000356', 23, 1, 'ICOM', 'V8', '23281123', '', 1, 'Ex Site 016C', '2015-04-11', 'Available'),
(357, '1507000357', 23, 1, 'ICOM', 'V8', '23281121', '', 1, 'Ex Site 016C', '2015-04-11', 'Available'),
(358, '1507000358', 23, 1, 'ICOM', 'V8', '23175675', '', 1, 'Ex Site 016C', '2015-04-11', 'Available'),
(359, '1507000359', 23, 1, 'ICOM', 'V8', '34014378', '', 1, 'Ex Site 016C', '2015-04-11', 'Available'),
(360, '1507000360', 23, 1, 'ICOM', 'V8', '23281216', '', 1, 'Ex Site 016C', '2015-04-11', 'Available'),
(361, '1507000361', 23, 1, 'ICOM', 'V8', '23202664', '', 1, 'Ex Site 016C', '2015-04-11', 'Available'),
(362, '1507000362', 23, 1, 'ICOM', 'V8', '23280856', '', 1, 'Ex Site 016C', '2015-04-11', 'Available'),
(363, '1507000363', 23, 1, 'ICOM', 'V8', '23286507', '', 1, 'Ex Site 016C, RUSAK', '2015-04-11', 'Available'),
(364, '1507000364', 23, 1, 'ICOM', 'V8', '2427925', '', 1, 'Ex Site 016C, RUSAK', '2015-04-11', 'Available'),
(365, '1507000365', 23, 1, 'ICOM', 'V8', '23280974', '', 1, 'Ex Site 016C', '2015-04-17', 'Available'),
(366, '1507000366', 23, 1, 'ICOM', 'V80', '-', '', 1, 'Ex Site 016C, BATERAI TIDAK BISA DILEPAS', '2015-04-11', 'Available'),
(367, '1507000367', 23, 1, 'ICOM', 'V80', '40004667-9', '', 1, 'Ex Site 016C', '2015-04-11', 'Available'),
(368, '1507000368', 23, 1, 'ICOM', 'V80', '40006118-0', '', 1, 'Ex Site 016C', '2015-04-11', 'Available'),
(369, '1507000369', 23, 1, 'ICOM', 'V80', '40014499-7', '', 1, 'Ex Site 016C', '2015-04-11', 'Available'),
(370, '1507000370', 23, 1, 'MOTOROLA', 'CP1660', '1338PF6335', '', 1, 'Ex Site 016C', '2015-04-11', 'Available'),
(371, '1507000371', 23, 1, 'MOTOROLA', 'CP1660', '1338PF6323', '', 1, 'Ex Site 016C', '2015-04-11', 'Available'),
(372, '1507000372', 23, 1, 'MOTOROLA', 'CP1660', '1338PF6321', '', 1, 'Ex Site 016C', '2015-04-11', 'Available'),
(373, '1507000373', 23, 1, 'MOTOROLA', 'CP1660', '1338PF6322', '', 1, 'Ex Site 016C', '2015-04-11', 'Available'),
(374, '1507000374', 23, 1, 'MOTOROLA', 'CP1660', '1338PG8592', '', 1, 'Ex Site 016C', '2015-04-11', 'Available'),
(375, '1507000375', 23, 1, 'MOTOROLA', 'CP1660', '1338PG856', '', 1, 'Ex Site 016C', '2015-04-11', 'Available'),
(376, '1507000376', 23, 6, 'MOTOROLA', 'GM3688', '019TPN8995', '', 1, 'Ex Site 016C, UNABLE TO READ', '2015-04-02', 'Available'),
(377, '1507000377', 23, 6, 'MOTOROLA', 'GM3688', '019TPN4251', '', 1, 'Ex Site 016C', '2015-04-06', 'Available'),
(378, '1507000378', 23, 6, 'MOTOROLA', 'GM3688', '019TNQ5858', '', 1, 'Ex Site 016C', '2015-04-06', 'Available'),
(379, '1507000379', 23, 6, 'MOTOROLA', 'GM3688', '019TPJA798', '', 1, 'Ex Site 016C', '2015-04-06', 'Available'),
(380, '1507000380', 23, 6, 'MOTOROLA', 'GM3688', '019TNS1149', '', 1, 'Ex Site 016C', '2015-04-06', 'Available'),
(381, '1507000381', 23, 6, 'MOTOROLA', 'GM3688', '019TQL2705', '', 1, 'Ex Site 016C', '2015-04-06', 'Available'),
(382, '1507000382', 23, 6, 'MOTOROLA', 'GM3688', '019TQJ5097', '', 1, 'Ex Site 016C', '2015-04-06', 'Available'),
(383, '1507000383', 23, 6, 'MOTOROLA', 'GM3688', '019TQJ5092', '', 1, 'Ex Site 016C', '2015-04-06', 'Available'),
(384, '1507000384', 23, 6, 'MOTOROLA', 'GM3688', '019TNS1153', '', 1, 'Ex Site 016C', '2015-04-06', 'Available'),
(385, '1507000385', 23, 6, 'MOTOROLA', 'GM3688', '019TPG3987', '', 1, 'Ex Site 016C, UNABLE TO READ', '2015-04-06', 'Available'),
(386, '1507000386', 23, 6, 'MOTOROLA', 'GM3688', '019TNQ5777', '', 1, 'Ex Site 016C', '2015-04-06', 'Available'),
(387, '1507000242', 650, 6, 'ICOM', 'IC 2200H', '10120359', '', 1, 'Ex Site 016C', '2015-07-10', 'Available'),
(388, '1507000243', 650, 6, 'ICOM', 'IC 2200H', '53001253', '', 1, 'Ex Site 016C', '2015-07-10', 'Available'),
(389, '1507000244', 650, 6, 'ICOM', 'IC 2200H', '53001597', '', 1, 'Ex Site 016C', '2015-07-10', 'Available'),
(390, '1507000246', 650, 6, 'ICOM', 'IC 2200H', '53001600', '', 1, 'Ex Site 016C', '2015-07-10', 'Available'),
(391, '1507000247', 650, 6, 'ICOM', 'IC 2200H', '53002604', '', 1, 'Ex Site 016C', '2015-07-10', 'Available'),
(392, '1507000248', 650, 6, 'ICOM', 'IC 2200H', '53002697', '', 1, 'Ex Site 016C', '2015-07-10', 'Available'),
(393, '1507000249', 650, 6, 'ICOM', 'IC 2200H', '53002698', '', 1, 'Ex Site 016C', '2015-07-10', 'Available'),
(394, '1507000250', 650, 6, 'ICOM', 'IC 2200H', '53002990', '', 1, 'Ex Site 016C', '2015-07-10', 'Available'),
(395, '1507000251', 650, 6, 'ICOM', 'IC 2200H', '53003229', '', 1, 'Ex Site 016C', '2015-07-10', 'Available'),
(396, '1507000252', 650, 6, 'ICOM', 'IC 2200H', '53006679', '', 1, 'Ex Site 016C', '2015-07-10', 'Available'),
(397, '1507000253', 650, 6, 'ICOM', 'IC 2200H', '53006819', '', 1, 'Ex Site 016C', '2015-07-10', 'Available'),
(398, '1507000254', 650, 6, 'ICOM', 'IC 2200H', '53007963', '', 1, 'Ex Site 016C', '2015-07-10', 'Available'),
(399, '1507000255', 650, 6, 'ICOM', 'IC 2200H', '53008362', '', 1, 'Ex Site 016C', '2015-07-10', 'Available'),
(400, '1507000256', 650, 6, 'ICOM', 'IC 2200H', '53008713', '', 1, 'Ex Site 016C', '2015-07-10', 'Available'),
(401, '1507000257', 650, 6, 'ICOM', 'IC 2200H', '53009405', '', 1, 'Ex Site 016C', '2015-07-10', 'Available'),
(402, '1507000258', 650, 6, 'ICOM', 'IC 2200H', '53010535', '', 1, 'Ex Site 016C', '2015-07-10', 'Available'),
(403, '1507000259', 650, 6, 'ICOM', 'IC 2200H', '60002764', '', 1, 'Ex Site 016C', '2015-07-10', 'Available'),
(404, '1507000260', 650, 6, 'ICOM', 'IC 2200H', '60016973', '', 1, 'Ex Site 016C', '2015-07-10', 'Available'),
(405, '1507000261', 650, 6, 'ICOM', 'IC 2200H', '60019317', '', 1, 'Ex Site 016C', '2015-07-10', 'Available'),
(406, '1507000262', 650, 6, 'ICOM', 'IC 2200H', '60019601', '', 1, 'Ex Site 016C', '2015-07-10', 'Available'),
(407, '1507000266', 650, 6, 'ICOM', 'IC 2200H', '-', '', 1, 'Ex Site 016C, S/N N/A', '2015-07-10', 'Available'),
(408, '1507000265', 650, 6, 'ICOM', 'IC 2200H', '-', '', 1, 'Ex Site 016C, S/N N/A', '2015-07-10', 'Available'),
(409, '1507000264', 650, 6, 'ICOM', 'IC 2200H', '-', '', 1, 'Ex Site 016C, S/N N/A', '2015-07-10', 'Available'),
(410, '1507000263', 650, 6, 'ICOM', 'IC 2200H', '-', '', 1, 'Ex Site 016C, S/N N/A', '2015-07-10', 'Available'),
(411, '1507000267', 650, 6, 'MOTOROLA', 'GM3688', '019TPE5524', '', 1, 'Ex Site 016C, Installed in RD 72', '2015-06-11', 'Available'),
(412, '1507000268', 650, 6, 'MOTOROLA', 'GM3688', '019TPN4259', '', 1, 'Ex Site 016C, Installed in RD 98', '2015-06-11', 'Available'),
(413, '1507000269', 650, 6, 'MOTOROLA', 'GM3688', '019TQL2704', '', 1, 'Ex Site 016C, Installed in RD 95', '2015-06-11', 'Available'),
(414, '1507000270', 650, 6, 'MOTOROLA', 'GM3688', '019TPN4260', '', 1, 'Ex Site 016C, Installed in DZ 028', '2015-06-11', 'Available'),
(415, '1507000271', 650, 6, 'MOTOROLA', 'GM3688', '019TPN4256', '', 1, 'Ex Site 016C, Installed in RD 45', '2015-06-11', 'Available'),
(416, '1507000272', 650, 6, 'MOTOROLA', 'GM3688', '019TNW1852', '', 1, 'Ex Site 016C, Installed in RD 73', '2015-06-11', 'Available'),
(417, '1507000273', 650, 6, 'MOTOROLA', 'GM3688', '019TPG3850', '', 1, 'Ex Site 016C, Installed in RD 94', '2015-06-11', 'Available'),
(418, '1507000274', 650, 6, 'MOTOROLA', 'GM3688', '019TPE5516', '', 1, 'Ex Site 016C, Installed in RD 96', '2015-06-11', 'Available'),
(419, '1507000275', 650, 6, 'MOTOROLA', 'GM3688', '019TPJA799', '', 1, 'Ex Site 016C, Installed in E51', '2015-06-11', 'Available'),
(420, '1507000276', 650, 6, 'MOTOROLA', 'GM3688', '019TPN4290', '', 1, 'Ex Site 016C, Installed in RD 74', '2015-06-11', 'Available'),
(421, '1507000277', 650, 6, 'MOTOROLA', 'GM3688', '019TPN4239', '', 1, 'Ex Site 016C, Installed in RD 97', '2015-06-11', 'Available'),
(422, '1507000278', 650, 6, 'MOTOROLA', 'GM3688', '019TNQ5776', '', 1, 'Ex Site 016C, Installed in RD 71', '2015-06-11', 'Available'),
(423, '1507000279', 650, 6, 'MOTOROLA', 'GM3688', '019TPG3981', '', 1, 'Ex Site 016C, Installed in E42', '2015-06-11', 'Available'),
(424, '1507000280', 650, 6, 'MOTOROLA', 'GM3688', '019TPN4334', '', 1, 'Ex Site 016C', '2015-06-23', 'Available'),
(425, '1507000281', 650, 6, 'MOTOROLA', 'GM3688', '019TPE5525', '', 1, 'Ex Site 016C, Installed in RD 43', '2015-06-23', 'Available'),
(426, '1507000282', 650, 6, 'MOTOROLA', 'GM3688', '019TPN8961', '', 1, 'Ex Site 016C', '2015-06-23', 'Available'),
(427, '1507000283', 650, 6, 'MOTOROLA', 'GM3688', '019TNW1889', '', 1, 'Ex Site 016C, Installed in RD 44', '2015-06-23', 'Available'),
(428, '1507000284', 650, 6, 'MOTOROLA', 'GM3688', '019TPG3848', '', 1, 'Ex Site 016C', '2015-06-23', 'Available'),
(429, '1507000285', 650, 6, 'MOTOROLA', 'GM3688', '019TQJ4888', '', 1, 'Ex Site 016C, Installed in E71', '2015-06-23', 'Available'),
(430, '1507000286', 650, 6, 'MOTOROLA', 'GM3688', '019TPE5456', '', 1, 'Ex Site 016C, Installed in RD 42', '2015-06-23', 'Available'),
(431, '1507000287', 650, 6, 'MOTOROLA', 'GM3688', '019TNW1885', '', 1, 'Ex Site 016C, Installed in DZ 029', '2015-06-23', 'Available'),
(432, '1507000288', 1200, 1, 'ICOM', 'V80', '40010224-1', '', 1, 'Ex Site 016C, Mobilisasi Unit', '2015-06-03', 'Available'),
(433, '1507000289', 1200, 1, 'ICOM', 'V80', '40004677-6', '', 1, 'Ex Site 016C, PENGUNCI BATERAI RUSAK, Mobilisasi Unit', '2015-06-03', 'Available'),
(434, '1507000290', 1200, 1, 'ICOM', 'V80', '40027371-8', '', 1, 'Ex Site 016C, Mobilisasi Unit', '2015-06-03', 'Available'),
(435, '1507000291', 1200, 1, 'ICOM', 'V80', '40004044-2', '', 1, 'Ex Site 016C, Mobilisasi Unit', '2015-06-03', 'Available'),
(436, '1507000292', 1200, 1, 'ICOM', 'V80', '40014498-0', '', 1, 'Ex Site 016C, Mobilisasi Unit', '2015-06-03', 'Available'),
(437, '1507000293', 1200, 1, 'ICOM', 'V80', '40016200-1', '', 1, 'Ex Site 016C, Mobilisasi Unit', '2015-06-03', 'Available'),
(438, '1507000294', 1200, 1, 'ICOM', 'V80', '40018486-7', '', 1, 'Ex Site 016C, Mobilisasi Unit', '2015-06-03', 'Available'),
(439, '1507000295', 1200, 1, 'ICOM', 'V80', '40016197-6', '', 1, 'Ex Site 016C, Mobilisasi unit', '2015-06-03', 'Available'),
(440, '1507000296', 1200, 1, 'ICOM', 'V80', '40006750-4', '', 1, 'Ex Site 016C, Mobilisasi Unit', '2015-06-03', 'Available'),
(441, '1507000297', 1200, 1, 'MOTOROLA', 'CP1660', '1338PG8566', '', 1, 'Ex Site 016C, Mobilisasi Unit', '2015-06-03', 'Available'),
(442, '1507000298', 1200, 6, 'MOTOROLA', 'GM3688', '019TNW1850', '', 1, 'Ex Site 016C, Mobilisasi Unit', '2015-06-03', 'Available'),
(443, '1507000299', 1416, 1, 'ICOM', 'V80', '40010219-9', '', 1, 'Ex Site 016C', '2015-04-28', 'Available'),
(444, '1507000300', 1416, 1, 'ICOM', 'V80', '40007857-7', '', 1, 'Ex Site 016C', '2015-04-28', 'Available'),
(445, '1507000301', 1416, 1, 'ICOM', 'V80', '40007856-0', '', 1, 'Ex Site 016C', '2015-04-28', 'Available'),
(446, '1507000302', 1416, 1, 'ICOM', 'V80', '40007863-6', '', 1, 'Ex Site 016C', '2015-04-28', 'Available'),
(447, '1507000303', 215, 1, 'MOTOROLA', 'CP1660', '1338NU3081', '', 1, 'Ex Site 016C', '2015-05-26', 'Available'),
(448, '1507000304', 199, 1, 'MOTOROLA', 'CP1660', '1338PJ3824', '', 1, 'Ex Site 016C', '2015-05-26', 'Available'),
(449, '1507000305', 276, 1, 'MOTOROLA', 'CP1660', '1338PJ3804', '', 1, 'Ex Site 016C', '2015-05-26', 'Available'),
(450, '1507000306', 294, 1, 'ICOM', 'V80', '40010218-2', '', 1, 'Ex Site 016C', '2015-04-27', 'Available'),
(451, '1507000307', 294, 1, 'ICOM', 'V80', '40007858-4', '', 1, 'Ex Site 016C', '2015-04-27', 'Available'),
(452, '1507000308', 294, 1, 'ICOM', 'V80', '40007855-3', '', 1, 'Ex Site 016C', '2015-04-27', 'Available'),
(453, '1508000453', 1021, 16, 'KRUSHER', 'MT ISA', '', '', 1, 'Size 9', '2015-08-04', 'Available');

-- --------------------------------------------------------

--
-- Struktur dari tabel `project`
--

CREATE TABLE IF NOT EXISTS `project` (
  `id_project` int(11) NOT NULL AUTO_INCREMENT,
  `kode_project` varchar(4) NOT NULL,
  `nama_project` varchar(100) NOT NULL,
  PRIMARY KEY (`id_project`)
) ENGINE=InnoDB  DEFAULT CHARSET=latin1 AUTO_INCREMENT=11 ;

--
-- Dumping data untuk tabel `project`
--

INSERT INTO `project` (`id_project`, `kode_project`, `nama_project`) VALUES
(1, '000H', 'Head Office Balikpapan'),
(2, '001H', 'Branch Office Jakarta'),
(3, '011C', 'Embalut - PT. Kitadin'),
(4, '015C', 'Penajam - PT. Penajam Prima Coal'),
(5, '016C', 'Sanga-sanga - PT. Adimitra Baratama Nusantara'),
(7, '017C', 'Malinau - PT. Kayan Putra Utama Coal'),
(8, '018C', 'CV. Bukit Uhud'),
(9, '003F', 'Fabrication Hose - Kariangau'),
(10, '004W', 'Workshop Kariangau - PT. Adikara Mulia');

-- --------------------------------------------------------

--
-- Struktur dari tabel `tipe`
--

CREATE TABLE IF NOT EXISTS `tipe` (
  `id_tipe` int(11) NOT NULL AUTO_INCREMENT,
  `nama_tipe` varchar(50) NOT NULL,
  `id_kategori` int(11) NOT NULL,
  PRIMARY KEY (`id_tipe`)
) ENGINE=InnoDB  DEFAULT CHARSET=latin1 AUTO_INCREMENT=4 ;

--
-- Dumping data untuk tabel `tipe`
--

INSERT INTO `tipe` (`id_tipe`, `nama_tipe`, `id_kategori`) VALUES
(2, 'PC', 1),
(3, 'Hand Radio', 1);

/*!40101 SET CHARACTER_SET_CLIENT=@OLD_CHARACTER_SET_CLIENT */;
/*!40101 SET CHARACTER_SET_RESULTS=@OLD_CHARACTER_SET_RESULTS */;
/*!40101 SET COLLATION_CONNECTION=@OLD_COLLATION_CONNECTION */;
